Date,Time,X,Y,Z,Magnitud,Dias Restantes,Gas_%
2025-04-05,00:00:00,65454,65361,65378,113272.103,13.867311907496543,42.40343333333343
2025-04-05,00:10:00,65423,65353,65466,113300.4002,14.17578228961876,43.346673333333456
2025-04-05,00:20:00,65425,65338,65450,113283.6589,13.99328383718441,42.78862999999983
2025-04-05,00:30:00,65410,65330,65451,113270.9601,13.854853049385866,42.36533666666655
2025-04-05,00:40:00,65420,65355,65467,113300.3994,14.17577356874502,43.346646666666494
2025-04-05,00:50:00,65423,65322,65385,113235.7313,13.470820657569503,41.19104333333332
2025-04-05,01:00:00,65420,65321,65451,113271.5447,13.861225827801723,42.38482333333328
2025-04-05,01:10:00,65411,65349,65401,113253.6159,13.665782328551238,41.78719666666681
2025-04-05,01:20:00,65401,65340,65396,113239.7599,13.514736797025673,41.32533000000016
2025-04-05,01:30:00,65411,65341,65471,113289.4392,14.056295419594706,42.98130666666645
2025-04-05,01:40:00,65424,65346,65422,113271.5215,13.860972922466075,42.38405000000009
2025-04-05,01:50:00,65430,65347,65423,113276.1415,13.911335967763955,42.538049999999934
2025-04-05,02:00:00,65415,65334,65425,113261.1337,13.747734558408567,42.03779000000019
2025-04-05,02:10:00,65429,65322,65464,113284.8314,14.006065367619879,42.827713333333186
2025-04-05,02:20:00,65418,65326,65384,113234.5727,13.45819065231367,41.15242333333347
2025-04-05,02:30:00,65408,65358,65381,113245.5288,13.577624106986494,41.517626666666665
2025-04-05,02:40:00,65403,65344,65423,113258.8172,13.72248217866123,41.9605733333335
2025-04-05,02:50:00,65413,65328,65453,113272.6947,13.873762083665865,42.42315666666642
2025-04-05,03:00:00,65420,65321,65447,113269.2335,13.836031223842332,42.307783333333404
2025-04-05,03:10:00,65427,65326,65407,113253.0541,13.659658095034159,41.768469999999795
2025-04-05,03:20:00,65428,65327,65410,113255.9412,13.691130637908621,41.8647066666667
2025-04-05,03:30:00,65402,65333,65444,113264.0262,13.779265967179914,42.13420666666644
2025-04-05,03:40:00,65403,65359,65367,113235.1358,13.464329057250302,41.171193333333456
2025-04-05,03:50:00,65401,65325,65417,113243.2352,13.552621362247198,41.44117333333319
2025-04-05,04:00:00,65409,65323,65417,113246.7019,13.590412178077187,41.55673
2025-04-05,04:10:00,65428,65337,65453,113286.548,14.024778182242912,42.88493333333317
2025-04-05,04:20:00,65411,65353,65437,113276.7165,13.917604095696024,42.5572166666665
2025-04-05,04:30:00,65429,65355,65377,113253.6189,13.665815031827373,41.78729666666671
2025-04-05,04:40:00,65430,65334,65435,113275.5741,13.90515068813148,42.519136666666604
2025-04-05,04:50:00,65413,65342,65425,113264.5936,13.785451246812388,42.15311999999976
2025-04-05,05:00:00,65407,65340,65443,113270.3734,13.848457378676713,42.34577999999989
2025-04-05,05:10:00,65412,65337,65474,113289.4434,14.056341204181452,42.98144666666679
2025-04-05,05:20:00,65420,65343,65389,113248.4233,13.609177317942038,41.61410999999983
2025-04-05,05:30:00,65424,65348,65378,113247.2682,13.596585466508468,41.575606666666864
2025-04-05,05:40:00,65412,65320,65452,113266.9257,13.810873683595943,42.2308566666669
2025-04-05,05:50:00,65406,65328,65451,113267.4968,13.81709929726888,42.24989333333312
2025-04-05,06:00:00,65400,65327,65451,113263.4554,13.77304362383459,42.11518000000021
2025-04-05,06:10:00,65430,65330,65478,113298.1124,14.150842771213375,43.27041333333327
2025-04-05,06:20:00,65416,65327,65398,113242.08,13.54002842070437,41.402666666666725
2025-04-05,06:30:00,65402,65352,65368,113231.0953,13.420283194798692,41.03651000000003
2025-04-05,06:40:00,65409,65358,65404,113259.3866,13.728689260477744,41.97955333333327
2025-04-05,06:50:00,65427,65326,65436,113269.8049,13.84226010784304,42.32683000000009
2025-04-05,07:00:00,65407,65331,65397,113238.6101,13.502202721379886,41.28700333333351
2025-04-05,07:10:00,65400,65342,65425,113257.0863,13.703613478421689,41.90287666666651
2025-04-05,07:20:00,65423,65356,65462,113299.8195,14.169452025461876,43.32731666666659
2025-04-05,07:30:00,65411,65359,65449,113287.1105,14.030910046524317,42.90368333333318
2025-04-05,07:40:00,65426,65354,65428,113280.7573,13.961653228475246,42.691909999999915
2025-04-05,07:50:00,65402,65356,65410,113257.6551,13.709814019583135,41.921836666666785
2025-04-05,08:00:00,65413,65322,65364,113217.8288,13.275663857040056,40.59429333333343
2025-04-05,08:10:00,65404,65345,65377,113233.4066,13.445478888867344,41.1135533333334
2025-04-05,08:20:00,65406,65346,65372,113232.2522,13.4328946681981,41.07507333333342
2025-04-05,08:30:00,65414,65334,65453,113276.7327,13.91778069338731,42.55775666666644
2025-04-05,08:40:00,65409,65332,65414,113250.1607,13.628116875279813,41.6720233333331
2025-04-05,08:50:00,65430,65351,65466,113303.2888,14.207271184131132,43.44295999999982
2025-04-05,09:00:00,65416,65351,65367,113238.0278,13.495855015475678,41.26759333333321
2025-04-05,09:10:00,65429,65356,65386,113259.3915,13.728742675828816,41.9797166666666
2025-04-05,09:20:00,65406,65334,65406,113244.9612,13.571436647135663,41.49870666666684
2025-04-05,09:30:00,65428,65355,65376,113252.4639,13.653224270502902,41.74879666666675
2025-04-05,09:40:00,65431,65326,65422,113264.0284,13.779289949582465,42.134279999999855
2025-04-05,09:50:00,65418,65341,65391,113247.2688,13.596592007163695,41.57562666666684
2025-04-05,10:00:00,65401,65325,65391,113228.2178,13.388915302408018,40.94059333333328
2025-04-05,10:10:00,65427,65339,65393,113252.4688,13.653277685853975,41.74896000000008
2025-04-05,10:20:00,65429,65330,65455,113284.2441,13.999663156255497,42.80813666666654
2025-04-05,10:30:00,65424,65358,65425,113280.1773,13.955330595082845,42.67257666666652
2025-04-05,10:40:00,65400,65320,65390,113224.1781,13.34487816083015,40.80593666666682
2025-04-05,10:50:00,65429,65332,65468,113292.9093,14.094123299137705,43.09697666666665
2025-04-05,11:00:00,65402,65358,65433,113272.0939,13.867212707558881,42.40313000000024
2025-04-05,11:10:00,65407,65346,65372,113232.8298,13.439191138969594,41.094326666666895
2025-04-05,11:20:00,65429,65356,65460,113302.1287,14.194624827237234,43.40429000000004
2025-04-05,11:30:00,65418,65343,65442,113277.8784,13.930270074555763,42.59594666666671
2025-04-05,11:40:00,65426,65351,65459,113296.93,14.137953319966506,43.23099999999977
2025-04-05,11:50:00,65423,65331,65402,113250.7399,13.63443078779863,41.691330000000015
2025-04-05,12:00:00,65401,65322,65476,113275.5978,13.90540904401326,42.51992666666678
2025-04-05,12:10:00,65404,65336,65422,113254.2017,13.672168188277551,41.8067233333335
2025-04-05,12:20:00,65416,65321,65365,113219.5625,13.294563080337214,40.65208333333333
2025-04-05,12:30:00,65427,65342,65464,113295.2099,14.119202351521368,43.17366333333339
2025-04-05,12:40:00,65431,65352,65364,113245.5393,13.577738568453123,41.5179766666668
2025-04-05,12:50:00,65418,65321,65416,113250.1692,13.628209534562407,41.6723066666668
2025-04-05,13:00:00,65411,65345,65395,113247.8431,13.60285250433128,41.59476999999994
2025-04-05,13:10:00,65405,65351,65431,113268.632,13.829474216970702,42.28773333333326
2025-04-05,13:20:00,65422,65330,65419,113259.4038,13.728876759261126,41.98012666666667
2025-04-05,13:30:00,65426,65336,65401,113254.7799,13.678471199704111,41.82599666666647
2025-04-05,13:40:00,65423,65324,65479,113291.1883,14.075362519709566,43.03960999999981
2025-04-05,13:50:00,65401,65325,65449,113261.7236,13.75416511261221,42.05745333333325
2025-04-05,14:00:00,65410,65335,65460,113279.0445,13.942981838002089,42.63481666666679
2025-04-05,14:10:00,65408,65325,65443,113262.2988,13.760435420762795,42.076626666666805
2025-04-05,14:20:00,65428,65322,65383,113237.4653,13.489723151194273,41.248843333333205
2025-04-05,14:30:00,65427,65355,65382,113255.3499,13.68468482217601,41.8449966666667
2025-04-05,14:40:00,65425,65322,65382,113235.1546,13.46453399778085,41.17181999999981
2025-04-05,14:50:00,65419,65351,65434,113278.4495,13.93649568822886,42.61498333333342
2025-04-05,15:00:00,65419,65352,65403,113261.1225,13.747612466177452,42.03741666666659
2025-04-05,15:10:00,65431,65358,65445,113295.772,14.125329855365901,43.19239999999991
2025-04-05,15:20:00,65407,65320,65374,113218.9822,13.288237176617201,40.63273999999995
2025-04-05,15:30:00,65427,65344,65413,113266.9026,13.81062186836939,42.23008666666671
2025-04-05,15:40:00,65422,65350,65457,113292.8922,14.09393689046358,43.09640666666674
2025-04-05,15:50:00,65409,65354,65370,113237.4474,13.489528021646567,41.24824666666682
2025-04-05,16:00:00,65427,65335,65453,113284.817,14.005908391894275,42.82723333333318
2025-04-05,16:10:00,65415,65321,65364,113218.4073,13.28197013879439,40.61357666666687
2025-04-05,16:20:00,65415,65331,65432,113263.4469,13.772950964551997,42.11489666666651
2025-04-05,16:30:00,65404,65351,65372,113233.9825,13.451756827782253,41.13274999999994
2025-04-05,16:40:00,65408,65354,65382,113243.7976,13.5587521364195,41.459920000000174
2025-04-05,16:50:00,65415,65335,65366,113227.6398,13.382614471199814,40.921326666666815
2025-04-05,17:00:00,65419,65343,65417,113264.015,13.779143874948957,42.133833333333314
2025-04-05,17:10:00,65423,65352,65387,113254.1946,13.672090790523928,41.80648666666676
2025-04-05,17:20:00,65419,65330,65476,113290.6044,14.068997372058194,43.020146666666555
2025-04-05,17:30:00,65407,65355,65401,113254.768,13.678341476708672,41.82559999999988
2025-04-05,17:40:00,65407,65339,65462,113280.7751,13.961847267913857,42.6925033333333
2025-04-05,17:50:00,65415,65344,65462,113288.2783,14.043640341827224,42.94261000000018
2025-04-05,18:00:00,65424,65348,65381,113249.0,13.615463977730688,41.63333333333333
2025-04-05,18:10:00,65431,65337,65429,113274.4162,13.892528313640131,42.48054000000023
2025-04-05,18:20:00,65421,65354,65443,113286.5341,14.024626657063436,42.88447000000015
2025-04-05,18:30:00,65428,65355,65396,113264.0103,13.779092639816241,42.13367666666648
2025-04-05,18:40:00,65403,65352,65377,113236.8687,13.483219559673875,41.228956666666875
2025-04-05,18:50:00,65420,65339,65371,113235.723,13.470730178505423,41.190766666666605
2025-04-05,19:00:00,65406,65322,65380,113223.0229,13.332285219287167,40.76742999999988
2025-04-05,19:10:00,65431,65352,65411,113272.6736,13.873532070623508,42.42245333333315
2025-04-05,19:20:00,65411,65341,65385,113239.7608,13.514746608008512,41.325360000000124
2025-04-05,19:30:00,65413,65349,65401,113254.7711,13.678375270094065,41.82570333333327
2025-04-05,19:40:00,65405,65327,65390,113231.1046,13.42038457495487,41.036820000000205
2025-04-05,19:50:00,65426,65353,65384,113254.7727,13.678392711841388,41.82575666666671
2025-04-05,20:00:00,65429,65352,65391,113259.9701,13.735050047692404,41.999003333333526
2025-04-05,20:10:00,65414,65352,65432,113274.9837,13.898714683381705,42.49945666666657
2025-04-05,20:20:00,65427,65338,65367,113236.8812,13.483355823324542,41.22937333333345
2025-04-05,20:30:00,65402,65336,65407,113244.3824,13.565127095053716,41.47941333333341
2025-04-05,20:40:00,65427,65349,65456,113294.6251,14.112827392887153,43.15417000000016
2025-04-05,20:50:00,65413,65325,65462,113276.17,13.911646648887551,42.538999999999945
2025-04-05,21:00:00,65427,65356,65387,113258.8135,13.722441844620612,41.96045000000013
2025-04-05,21:10:00,65428,65350,65462,113299.2459,14.163199159058617,43.30819666666648
2025-04-05,21:20:00,65427,65352,65479,113309.6451,14.276561795565595,43.654836666666476
2025-04-05,21:30:00,65430,65340,65395,113255.9337,13.691048879718128,41.86445666666647
2025-04-05,21:40:00,65422,65352,65430,113278.4485,13.93648478713676,42.61494999999995
2025-04-05,21:50:00,65431,65337,65388,113250.739,13.634420976815791,41.69130000000005
2025-04-05,22:00:00,65409,65350,65417,113262.2782,13.760210858266408,42.075940000000024
2025-04-05,22:10:00,65425,65322,65467,113284.2549,13.99978088804974,42.80849666666666
2025-04-05,22:20:00,65413,65343,65477,113295.215,14.119257947090796,43.173833333333214
2025-04-05,22:30:00,65431,65341,65386,113251.89,13.646968133772027,41.729666666666645
2025-04-05,22:40:00,65401,65346,65469,113285.3939,14.012197231901283,42.84646333333318
2025-04-05,22:50:00,65401,65345,65380,113233.406,13.445472348212117,41.11353333333342
2025-04-05,23:00:00,65407,65352,65372,113236.2925,13.476938350431194,41.209749999999865
2025-04-05,23:10:00,65410,65358,65456,113290.0004,14.062413112456557,43.000013333333484
2025-04-05,23:20:00,65409,65345,65462,113285.3907,14.012162348406791,42.846356666666786
2025-04-05,23:30:00,65417,65344,65387,113246.1125,13.583987074419513,41.53708333333343
2025-04-05,23:40:00,65412,65326,65420,113251.8981,13.64705643261775,41.72993666666686
2025-04-05,23:50:00,65403,65339,65428,113258.8209,13.722522512701849,41.96069666666687
2025-05-05,00:00:00,65407,65335,65377,113229.369,13.40146463958277,40.978966666666864
2025-05-05,00:10:00,65411,65342,65378,113236.2962,13.476978684471813,41.209873333333235
2025-05-05,00:20:00,65427,65353,65429,113281.3355,13.967956239901964,42.711183333333366
2025-05-05,00:30:00,65431,65342,65426,113275.5675,13.905078740923983,42.518916666666826
2025-05-05,00:40:00,65421,65344,65421,113268.0574,13.823210449475503,42.26858000000017
2025-05-05,00:50:00,65430,65341,65421,113271.5252,13.861013256506693,42.38417333333346
2025-05-05,01:00:00,65425,65341,65412,113263.4392,13.772867026143146,42.11463999999978
2025-05-05,01:10:00,65419,65325,65378,113231.1091,13.420433629869072,41.03697000000005
2025-05-05,01:20:00,65421,65356,65460,113297.5091,14.144266142376068,43.25030333333319
2025-05-05,01:30:00,65407,65324,65466,113274.4357,13.892740884935163,42.48119000000006
2025-05-05,01:40:00,65403,65325,65472,113276.1706,13.911653189542777,42.53901999999992
2025-05-05,01:50:00,65431,65349,65410,113270.3653,13.84836907983115,42.34551000000016
2025-05-05,02:00:00,65402,65359,65415,113262.274,13.760165073679818,42.075800000000164
2025-05-05,02:10:00,65415,65332,65477,113290.0259,14.062691090303861,43.000863333333115
2025-05-05,02:20:00,65427,65349,65382,113251.8876,13.64694197115112,41.72958666666673
2025-05-05,02:30:00,65416,65338,65455,113281.3503,13.96811757606444,42.71167666666685
2025-05-05,02:40:00,65425,65345,65464,113295.7852,14.125473749781053,43.19283999999995
2025-05-05,02:50:00,65425,65342,65372,113240.92,13.527383153919569,41.36399999999994
2025-05-05,03:00:00,65411,65320,65421,113248.4373,13.609329933230928,41.614576666666835
2025-05-05,03:10:00,65425,65320,65474,113287.1471,14.031309026493632,42.9049033333334
2025-05-05,03:20:00,65401,65351,65411,113254.77,13.678363278892865,41.8256666666668
2025-05-05,03:30:00,65424,65359,65472,113307.9055,14.257598255825265,43.59684999999978
2025-05-05,03:40:00,65420,65320,65379,113229.3798,13.401582371376854,40.9793266666665
2025-05-05,03:50:00,65428,65358,65427,113283.6426,13.99310614938403,42.788086666666885
2025-05-05,04:00:00,65430,65324,65385,113240.9294,13.527485624184845,41.36431333333312
2025-05-05,04:10:00,65428,65322,65439,113269.8088,13.842302622102016,42.326959999999964
2025-05-05,04:20:00,65425,65335,65414,113261.133,13.747726927644083,42.03776666666672
2025-05-05,04:30:00,65404,65341,65420,113255.931,13.691019446769607,41.86436666666656
2025-05-05,04:40:00,65428,65333,65455,113285.3967,14.012227754959062,42.84655666666659
2025-05-05,04:50:00,65404,65349,65473,113291.168,14.07514122754095,43.0389333333335
2025-05-05,05:00:00,65429,65324,65439,113271.5398,13.861172412450653,42.384659999999954
2025-05-05,05:10:00,65415,65345,65453,113283.6549,13.993240232816179,42.78849666666647
2025-05-05,05:20:00,65415,65340,65402,113251.3109,13.640655311362469,41.71036333333323
2025-05-05,05:30:00,65403,65352,65457,113283.0754,13.986923049969906,42.76918000000005
2025-05-05,05:40:00,65404,65342,65373,113229.3659,13.40143084619738,40.97886333333348
2025-05-05,05:50:00,65421,65324,65463,113280.7865,13.961971540363326,42.6928833333334
2025-05-05,06:00:00,65401,65350,65373,113232.25,13.43287068579555,41.075
2025-05-05,06:10:00,65425,65338,65421,113266.9065,13.810664382628365,42.23021666666658
2025-05-05,06:20:00,65431,65320,65432,113266.3444,13.804536878783832,42.21148000000006
2025-05-05,06:30:00,65412,65323,65379,113226.4886,13.370065134025062,40.882953333333234
2025-05-05,06:40:00,65423,65335,65365,113231.6845,13.42670611823801,41.0561500000001
2025-05-05,06:50:00,65416,65347,65395,113251.8851,13.646914718420957,41.72950333333332
2025-05-05,07:00:00,65426,65339,65387,113248.4268,13.6092154717643,41.6142266666667
2025-05-05,07:10:00,65411,65354,65396,113253.6139,13.665760526367043,41.78712999999989
2025-05-05,07:20:00,65400,65356,65375,113236.2899,13.47691000759193,41.209663333333445
2025-05-05,07:30:00,65402,65320,65396,113228.7985,13.395245566564903,40.95995000000015
2025-05-05,07:40:00,65407,65329,65406,113242.6542,13.546287827762857,41.42180666666682
2025-05-05,07:50:00,65411,65348,65376,113238.6038,13.502134044499845,41.286793333333236
2025-05-05,08:00:00,65411,65350,65409,113258.8129,13.722435303965385,41.96043000000015
2025-05-05,08:10:00,65401,65354,65450,113279.0299,13.94282268205797,42.63432999999981
2025-05-05,08:20:00,65416,65345,65371,113236.8744,13.483281695898532,41.229146666666686
2025-05-05,08:30:00,65428,65345,65437,113281.919,13.974317027116468,42.730633333333145
2025-05-05,08:40:00,65425,65353,65478,113308.4892,14.263961223258285,43.616306666666546
2025-05-05,08:50:00,65408,65326,65431,113255.9425,13.691144809328334,41.86475000000016
2025-05-05,09:00:00,65425,65330,65392,113245.5438,13.577787623367325,41.518126666666646
2025-05-05,09:10:00,65423,65355,65452,113293.4652,14.100183216211612,43.11550666666687
2025-05-05,09:20:00,65420,65355,65373,113246.1105,13.583965272235318,41.53701666666651
2025-05-05,09:30:00,65404,65328,65387,113229.3715,13.401491892312778,40.979049999999795
2025-05-05,09:40:00,65431,65354,65412,113274.405,13.892406221409018,42.48016666666663
2025-05-05,09:50:00,65402,65355,65445,113277.2954,13.923914737887229,42.57651333333342
2025-05-05,10:00:00,65416,65358,65459,113295.198,14.11907262852593,43.1732666666668
2025-05-05,10:10:00,65423,65342,65425,113270.3691,13.848410503980869,42.34563666666654
2025-05-05,10:20:00,65431,65356,65375,113254.1969,13.672115863035577,41.80656333333318
2025-05-05,10:30:00,65416,65332,65386,113238.0337,13.495919331918849,41.26779
2025-05-05,10:40:00,65424,65354,65468,113302.7101,14.200962722158444,43.42366999999989
2025-05-05,10:50:00,65429,65336,65476,113299.839,14.169664596757068,43.3279666666669
2025-05-05,11:00:00,65429,65339,65475,113300.9911,14.182223744914502,43.366369999999975
2025-05-05,11:10:00,65424,65341,65376,113242.0745,13.53996846469807,41.402483333333414
2025-05-05,11:20:00,65426,65338,65412,113262.2862,13.760298067002871,42.07620666666674
2025-05-05,11:30:00,65403,65331,65424,113251.8951,13.647023729341456,41.72983666666647
2025-05-05,11:40:00,65408,65338,65439,113267.4862,13.816983745693152,42.24953999999998
2025-05-05,11:50:00,65408,65326,65391,113232.8381,13.439281618033512,41.09460333333312
2025-05-05,12:00:00,65413,65350,65415,113263.4332,13.772801619590876,42.11443999999998
2025-05-05,12:10:00,65418,65335,65432,113267.4868,13.816990286348378,42.24955999999996
2025-05-05,12:20:00,65402,65331,65388,113230.5246,13.414061941562467,41.017486666666805
2025-05-05,12:30:00,65419,65340,65463,113288.8588,14.049968425765595,42.96196000000006
2025-05-05,12:40:00,65420,65342,65379,113242.0726,13.539947752623132,41.402419999999985
2025-05-05,12:50:00,65424,65358,65472,113307.3286,14.251309415818257,43.57761999999978
2025-05-05,13:00:00,65420,65358,65377,113250.151,13.628011134686925,41.67169999999993
2025-05-05,13:10:00,65430,65324,65398,113248.4361,13.609316851920473,41.61453666666687
2025-05-05,13:20:00,65422,65348,65470,113299.2502,14.163246033754461,43.30833999999983
2025-05-05,13:30:00,65410,65337,65474,113288.2886,14.043752623075338,42.94295333333333
2025-05-05,13:40:00,65411,65328,65437,113262.295,13.76039399661292,42.076499999999946
2025-05-05,13:50:00,65425,65336,65465,113291.1724,14.075189192345896,43.03907999999986
2025-05-05,14:00:00,65406,65332,65403,113242.0746,13.539969554807326,41.4024866666669
2025-05-05,14:10:00,65409,65328,65413,113247.2756,13.596666134589547,41.57585333333312
2025-05-05,14:20:00,65426,65321,65368,113227.0725,13.376430281676436,40.90241666666649
2025-05-05,14:30:00,65428,65356,65401,113267.4742,13.816852932588455,42.2491399999999
2025-05-05,14:40:00,65418,65327,65475,113287.719,14.037543361040312,42.92396666666658
2025-05-05,14:50:00,65412,65320,65449,113265.1921,13.791975550407884,42.17307000000001
2025-05-05,15:00:00,65419,65336,65434,113269.7966,13.842169628778963,42.326553333333386
2025-05-05,15:10:00,65424,65323,65399,113244.9703,13.571535847073324,41.499010000000034
2025-05-05,15:20:00,65405,65350,65382,113239.7565,13.514699733312664,41.32521666666677
2025-05-05,15:30:00,65428,65358,65454,113299.2386,14.163119581086637,43.30795333333323
2025-05-05,15:40:00,65409,65345,65382,113239.1815,13.508431605380594,41.3060500000002
2025-05-05,15:50:00,65406,65322,65408,113239.1937,13.508564598703648,41.30645666666678
2025-05-05,16:00:00,65412,65347,65421,113264.5902,13.78541418309954,42.15300666666686
2025-05-05,16:10:00,65419,65347,65435,113276.7196,13.917637889081416,42.55731999999989
2025-05-05,16:20:00,65428,65358,65364,113247.2686,13.596589826945179,41.57561999999986
2025-05-05,16:30:00,65402,65332,65455,113269.8056,13.842267738607525,42.32685333333357
2025-05-05,16:40:00,65429,65344,65419,113271.5231,13.860990364213398,42.38410333333353
2025-05-05,16:50:00,65400,65357,65369,113233.4032,13.44544182515434,41.113440000000026
2025-05-05,17:00:00,65425,65351,65408,113266.8985,13.8105771738919,42.22994999999985
2025-05-05,17:10:00,65428,65340,65443,113282.501,13.980661462693066,42.75003333333346
2025-05-05,17:20:00,65421,65340,65438,113275.5697,13.905102723326374,42.518989999999754
2025-05-05,17:30:00,65427,65356,65399,113265.7418,13.797967880711008,42.19139333333345
2025-05-05,17:40:00,65402,65338,65383,113231.6764,13.42661781939229,41.05587999999989
2025-05-05,17:50:00,65424,65337,65410,113259.3989,13.728823343910053,41.97996333333334
2025-05-05,18:00:00,65408,65333,65378,113229.37,13.40147554067471,40.97899999999984
2025-05-05,18:10:00,65430,65320,65417,113257.1,13.703762823382968,41.90333333333353
2025-05-05,18:20:00,65421,65322,65379,113231.1113,13.420457612271623,41.03704333333347
2025-05-05,18:30:00,65422,65330,65375,113233.9949,13.451892001323822,41.133163333333506
2025-05-05,18:40:00,65409,65351,65379,113240.9119,13.527294855074008,41.36373000000022
2025-05-05,18:50:00,65407,65357,65439,113277.8699,13.930177415273329,42.595663333333505
2025-05-05,19:00:00,65423,65347,65371,113242.0725,13.539946662513874,41.40241666666649
2025-05-05,19:10:00,65425,65347,65399,113259.3936,13.728765568122109,41.97978666666653
2025-05-05,19:20:00,65425,65327,65421,113260.5615,13.741496953534117,42.01871666666654
2025-05-05,19:30:00,65427,65347,65455,113292.8937,14.093953242101644,43.09645666666668
2025-05-05,19:40:00,65404,65355,65427,113268.0519,13.823150493469205,42.26839666666686
2025-05-05,19:50:00,65426,65336,65436,113274.9949,13.89883677561282,42.49983000000017
2025-05-05,20:00:00,65400,65339,65440,113264.0213,13.779212551828842,42.1340433333331
2025-05-05,20:10:00,65427,65348,65376,113247.8468,13.602892838371899,41.59489333333331
2025-05-05,20:20:00,65413,65354,65369,113239.1807,13.508422884506853,41.306023333333236
2025-05-05,20:30:00,65417,65324,65410,113247.8563,13.60299639874643,41.59520999999998
2025-05-05,20:40:00,65424,65321,65373,113228.8035,13.395300072025075,40.96011666666649
2025-05-05,20:50:00,65423,65349,65477,113304.4494,14.21992299157116,43.48164666666659
2025-05-05,21:00:00,65426,65324,65396,113244.9702,13.571534756964066,41.49900666666654
2025-05-05,21:10:00,65421,65320,65381,113231.1123,13.42046851336356,41.037076666666444
2025-05-05,21:20:00,65431,65330,65448,113281.35,13.968114305736826,42.71166666666686
2025-05-05,21:30:00,65425,65344,65449,113286.5418,14.024710595472287,42.88472666666688
2025-05-05,21:40:00,65426,65346,65412,113266.9013,13.81060769694968,42.230043333333256
2025-05-05,21:50:00,65412,65352,65461,113290.5829,14.068762998578965,43.0194299999998
2025-05-05,22:00:00,65408,65354,65364,113233.4062,13.445474528430474,41.11353999999992
2025-05-05,22:10:00,65420,65325,65455,113276.1628,13.911568161024828,42.53876000000019
2025-05-05,22:20:00,65416,65324,65458,113275.0096,13.898997021666037,42.500320000000166
2025-05-05,22:30:00,65404,65357,65366,113233.9817,13.451748106908672,41.132723333333466
2025-05-05,22:40:00,65420,65342,65464,113291.1676,14.075136867104082,43.038920000000026
2025-05-05,22:50:00,65420,65356,65437,113283.6445,13.993126861458808,42.78814999999983
2025-05-05,23:00:00,65409,65338,65380,113233.9875,13.451811333242585,41.132916666666766
2025-05-05,23:10:00,65420,65333,65436,113269.7991,13.842196881509128,42.32663666666679
2025-05-05,23:20:00,65413,65320,65414,113245.549,13.57784430904601,41.51829999999997
2025-05-05,23:30:00,65412,65332,65367,113224.7528,13.351143018434607,40.8250933333334
2025-05-05,23:40:00,65429,65320,65476,113290.6131,14.069092211559141,43.02043666666675
2025-05-05,23:50:00,65407,65351,65397,113250.1499,13.627999143485729,41.67166333333346
2025-06-05,00:00:00,65427,65350,65435,113283.0705,13.986869634618836,42.76901666666672
2025-06-05,00:10:00,65406,65345,65397,113246.1102,13.583962001907704,41.537006666666514
2025-06-05,00:20:00,65421,65322,65413,113250.7461,13.634498374569413,41.69153666666679
2025-06-05,00:30:00,65411,65320,65417,113246.1267,13.584141869926603,41.53755666666645
2025-06-05,00:40:00,65411,65324,65457,113271.5443,13.861221467364855,42.3848099999998
2025-06-05,00:50:00,65429,65336,65475,113299.2611,14.163364855657962,43.30870333333344
2025-06-05,01:00:00,65430,65342,65442,113284.232,13.999531253041702,42.80773333333345
2025-06-05,01:10:00,65404,65340,65377,113230.5213,13.414025967958562,41.017376666666436
2025-06-05,01:20:00,65401,65330,65414,113244.3866,13.565172879640306,41.47955333333327
2025-06-05,01:30:00,65406,65357,65427,113270.3607,13.848318934807692,42.345356666666824
2025-06-05,01:40:00,65427,65353,65401,113265.1656,13.791686671468325,42.172186666666434
2025-06-05,01:50:00,65417,65353,65445,113284.8027,14.005752506277926,42.82675666666667
2025-06-05,02:00:00,65429,65334,65454,113285.9732,14.018512234529197,42.8657733333331
2025-06-05,02:10:00,65418,65353,65415,113268.0518,13.823149403359947,42.26839333333337
2025-06-05,02:20:00,65424,65357,65460,113299.8183,14.169438944151423,43.327276666666634
2025-06-05,02:30:00,65423,65334,65393,113247.2734,13.596642152187155,41.57578000000019
2025-06-05,02:40:00,65422,65336,65368,113233.4156,13.445576998695746,41.1138533333331
2025-06-05,02:50:00,65428,65323,65373,113232.2686,13.433073446107741,41.07561999999986
2025-06-05,03:00:00,65423,65336,65437,113273.8398,13.886244924179094,42.46132666666672
2025-06-05,03:10:00,65416,65339,65451,113279.62,13.949255416480126,42.65399999999984
2025-06-05,03:20:00,65404,65353,65369,113233.4049,13.445460357010763,41.11349666666647
2025-06-05,03:30:00,65420,65321,65440,113265.189,13.791941757022492,42.17296666666662
2025-06-05,03:40:00,65429,65330,65478,113297.5349,14.144547390551141,43.251163333333295
2025-06-05,03:50:00,65414,65342,65418,113261.1279,13.747671332074654,42.03759666666689
2025-06-05,04:00:00,65415,65350,65438,113277.8733,13.930214478986334,42.595776666666886
2025-06-05,04:10:00,65421,65335,65371,113233.9927,13.45186801892127,41.13309000000008
2025-06-05,04:20:00,65403,65359,65367,113235.1358,13.464329057250302,41.171193333333456
2025-06-05,04:30:00,65423,65344,65430,113274.4109,13.892470537852189,42.48036333333342
2025-06-05,04:40:00,65431,65322,65390,113243.2406,13.552680228144396,41.44135333333349
2025-06-05,04:50:00,65428,65351,65413,113271.5187,13.860942399408296,42.383956666666684
2025-06-05,05:00:00,65428,65338,65384,113247.2732,13.59663997196864,41.5757733333332
2025-06-05,05:10:00,65404,65337,65455,113273.8443,13.886293979093296,42.46147666666657
2025-06-05,05:20:00,65409,65341,65384,113238.0281,13.495858285803292,41.2676033333332
2025-06-05,05:30:00,65405,65320,65368,113214.3624,13.237876311537677,40.4787466666666
2025-06-05,05:40:00,65408,65331,65453,113271.5376,13.861148430048102,42.384586666666536
2025-06-05,05:50:00,65413,65353,65412,113263.4315,13.772783087734453,42.114383333333535
2025-06-05,06:00:00,65413,65345,65408,113256.5056,13.697283214264964,41.88352000000013
2025-06-05,06:10:00,65426,65328,65389,113243.2355,13.55262463257481,41.44118333333318
2025-06-05,06:20:00,65424,65341,65474,113298.6793,14.157022600299882,43.289310000000114
2025-06-05,06:30:00,65423,65349,65470,113300.4044,14.17582807420535,43.346813333333316
2025-06-05,06:40:00,65430,65336,65389,113250.1617,13.628127776371912,41.67205666666656
2025-06-05,06:50:00,65403,65320,65371,113214.9392,13.244164061435429,40.497973333333114
2025-06-05,07:00:00,65416,65354,65415,113267.4737,13.816847482042485,42.24912333333341
2025-06-05,07:10:00,65414,65341,65377,113236.8748,13.483286056335404,41.22916000000017
2025-06-05,07:20:00,65425,65347,65450,113288.85,14.049872496155546,42.96166666666686
2025-06-05,07:30:00,65413,65343,65365,113230.5235,13.414049950361113,41.017449999999855
2025-06-05,07:40:00,65412,65345,65377,113238.0276,13.495852835257322,41.26758666666671
2025-06-05,07:50:00,65426,65326,65366,113228.8025,13.395289170933134,40.96008333333351
2025-06-05,08:00:00,65414,65342,65473,113292.904,14.094065523349762,43.09679999999984
2025-06-05,08:10:00,65410,65337,65401,113246.1146,13.584009966712808,41.53715333333336
2025-06-05,08:20:00,65402,65334,65427,113254.7813,13.67848646123308,41.82604333333341
2025-06-05,08:30:00,65424,65356,65391,113259.3899,13.728725234081491,41.97966333333316
2025-06-05,08:40:00,65409,65358,65420,113268.6269,13.829418621401274,42.28756333333343
2025-06-05,08:50:00,65416,65358,65449,113289.4206,14.056092659282514,42.98068666666659
2025-06-05,09:00:00,65425,65344,65380,113246.6925,13.590309707811913,41.55641666666682
2025-06-05,09:10:00,65412,65339,65388,113240.9167,13.527347180315822,41.363890000000055
2025-06-05,09:20:00,65403,65329,65430,113254.2076,13.672232504720562,41.806919999999806
2025-06-05,09:30:00,65408,65337,65474,113287.1339,14.031165132078483,42.90446333333336
2025-06-05,09:40:00,65403,65341,65397,113242.0695,13.53991395923774,41.40231666666659
2025-06-05,09:50:00,65414,65327,65403,113243.811,13.558898211053007,41.460366666666715
2025-06-05,10:00:00,65416,65338,65405,113252.4672,13.653260244106649,41.748906666666635
2025-06-05,10:10:00,65408,65356,65369,113237.4468,13.489521480991339,41.24822666666684
2025-06-05,10:20:00,65419,65345,65427,113270.9447,13.854685172568166,42.36482333333309
2025-06-05,10:30:00,65401,65325,65464,113270.3921,13.848661229098163,42.34640333333324
2025-06-05,10:40:00,65424,65352,65416,113271.5178,13.860932588425456,42.38392666666672
2025-06-05,10:50:00,65421,65340,65433,113272.6813,13.87361600903236,42.42270999999989
2025-06-05,11:00:00,65405,65323,65457,113267.5029,13.817165793930565,42.25009666666689
2025-06-05,11:10:00,65410,65349,65458,113285.9641,14.018413034591536,42.86546999999991
2025-06-05,11:20:00,65423,65328,65366,113228.2229,13.388970897977448,40.940763333333116
2025-06-05,11:30:00,65418,65350,65403,113259.3909,13.72873613517359,41.97969666666662
2025-06-05,11:40:00,65404,65355,65387,113244.9514,13.571329816433519,41.49838000000018
2025-06-05,11:50:00,65430,65325,65429,113266.9174,13.810783204531864,42.23058000000019
2025-06-05,12:00:00,65419,65347,65438,113278.4526,13.936529481614249,42.615086666666805
2025-06-05,12:10:00,65403,65334,65369,113221.8624,13.319634501956397,40.7287466666666
2025-06-05,12:20:00,65421,65349,65465,113296.3603,14.131742967822381,43.212010000000014
2025-06-05,12:30:00,65418,65321,65442,113265.1894,13.791946117459364,42.1729800000001
2025-06-05,12:40:00,65410,65327,65389,113233.4153,13.445573728368133,41.11384333333311
2025-06-05,12:50:00,65418,65324,65433,113261.7199,13.75412477857159,42.05732999999988
2025-06-05,13:00:00,65425,65323,65382,113235.7315,13.470822837787857,41.19104999999981
2025-06-05,13:10:00,65419,65352,65383,113249.5746,13.621727745226044,41.6524866666669
2025-06-05,13:20:00,65416,65331,65410,113251.3166,13.640717447587281,41.710553333333515
2025-06-05,13:30:00,65400,65345,65377,113231.0962,13.420293005781534,41.03654
2025-06-05,13:40:00,65431,65357,65400,113269.2068,13.835740164684417,42.30689333333333
2025-06-05,13:50:00,65429,65330,65463,113288.8667,14.050054544392802,42.96222333333329
2025-06-05,14:00:00,65412,65322,65396,113235.7287,13.470792314730238,41.1909566666669
2025-06-05,14:10:00,65405,65329,65368,113219.5552,13.294483502365237,40.651840000000085
2025-06-05,14:20:00,65422,65329,65407,113251.8961,13.647034630433554,41.729869999999934
2025-06-05,14:30:00,65401,65332,65403,113239.1868,13.508489381168381,41.30622666666653
2025-06-05,14:40:00,65401,65339,65428,113257.666,13.709932841486477,41.92219999999992
2025-06-05,14:50:00,65430,65356,65436,113288.842,14.049785287419082,42.96140000000014
2025-06-05,15:00:00,65416,65328,65438,113265.7604,13.7981706410232,42.19201333333331
2025-06-05,15:10:00,65414,65343,65401,113251.8867,13.646932160168278,41.72955666666675
2025-06-05,15:20:00,65422,65354,65457,113295.2,14.119094430709966,43.17333333333323
2025-06-05,15:30:00,65430,65324,65425,113264.03,13.77930739132979,42.134333333333295
2025-06-05,15:40:00,65427,65333,65438,113274.9975,13.898865118452083,42.499916666666586
2025-06-05,15:50:00,65408,65353,65439,113276.1396,13.911315255689017,42.5379866666665
2025-06-05,16:00:00,65402,65354,65364,113229.9405,13.407694613692579,40.998016666666565
2025-06-05,16:10:00,65407,65341,65423,113259.3963,13.72879500107063,41.979876666666435
2025-06-05,16:20:00,65431,65348,65435,113284.227,13.999476747581372,42.80756666666663
2025-06-05,16:30:00,65410,65356,65377,113243.2204,13.552460026084878,41.440680000000185
2025-06-05,16:40:00,65427,65349,65398,113261.1254,13.747644079344488,42.03751333333348
2025-06-05,16:50:00,65420,65356,65368,113243.8014,13.55879356056922,41.46004666666656
2025-06-05,17:00:00,65418,65333,65389,113241.4983,13.533687255455547,41.38327666666689
2025-06-05,17:10:00,65429,65323,65452,113278.474,13.93676276498422,42.615800000000064
2025-06-05,17:20:00,65412,65344,65381,113239.76,13.514737887134768,41.325333333333155
2025-06-05,17:30:00,65407,65327,65402,113239.1901,13.508525354772287,41.3063366666669
2025-06-05,17:40:00,65407,65333,65395,113238.609,13.502190730178532,41.28696666666656
2025-06-05,17:50:00,65418,65357,65460,113296.3537,14.131671020614885,43.211790000000235
2025-06-05,18:00:00,65422,65334,65460,113285.3973,14.012234295614288,42.846576666666564
2025-06-05,18:10:00,65424,65336,65460,113287.7057,14.03739837651606,42.92352333333353
2025-06-05,18:20:00,65414,65321,65441,113262.3014,13.76046376360206,42.076713333333224
2025-06-05,18:30:00,65420,65359,65467,113302.7068,14.200926748554698,43.42356
2025-06-05,18:40:00,65418,65358,65414,113270.3592,13.848302583169625,42.34530666666688
2025-06-05,18:50:00,65405,65325,65430,113253.0554,13.659672266453873,41.76851333333325
2025-06-05,19:00:00,65406,65327,65405,113240.3452,13.521117206205854,41.34483999999987
2025-06-05,19:10:00,65431,65334,65474,113298.6849,14.15708364641528,43.28949666666643
2025-06-05,19:20:00,65428,65352,65479,113310.2225,14.28285608611873,43.67408333333345
2025-06-05,19:30:00,65429,65358,65390,113262.8549,13.76649751805506,42.095163333333524
2025-06-05,19:40:00,65403,65348,65401,113248.4186,13.609126082809478,41.613953333333484
2025-06-05,19:50:00,65424,65352,65464,113299.2453,14.163192618403391,43.308176666666505
2025-06-05,20:00:00,65426,65352,65431,113281.3362,13.96796387066645,42.71120666666684
2025-06-05,20:10:00,65421,65321,65373,113227.0701,13.376404119055529,40.90233666666657
2025-06-05,20:20:00,65404,65329,65460,113272.1195,13.86749177551544,42.40398333333336
2025-06-05,20:30:00,65421,65357,65376,113249.5742,13.621723384789176,41.652473333333425
2025-06-05,20:40:00,65430,65355,65472,113309.0628,14.270214089661543,43.63542666666665
2025-06-05,20:50:00,65423,65334,65392,113246.696,13.590347861634017,41.556533333333206
2025-06-05,21:00:00,65407,65324,65392,113231.6841,13.426701757801139,41.05613666666662
2025-06-05,21:10:00,65414,65323,65439,113262.2993,13.760440871308765,42.076643333333294
2025-06-05,21:20:00,65412,65321,65390,113231.6868,13.426731190749662,41.05622666666653
2025-06-05,21:30:00,65430,65355,65399,113266.8978,13.810569543127576,42.22992666666687
2025-06-05,21:40:00,65425,65346,65432,113277.88,13.930287516303085,42.59600000000015
2025-06-05,21:50:00,65419,65330,65437,113268.0689,13.823335812034074,42.26896333333328
2025-06-05,22:00:00,65407,65357,65369,113237.4464,13.489517120554467,41.248213333333354
2025-06-05,22:10:00,65407,65342,65410,113252.4645,13.653230811158128,41.74881666666673
2025-06-05,22:20:00,65425,65331,65453,113281.355,13.968168811196998,42.711833333333196
2025-06-05,22:30:00,65412,65359,65425,113273.8242,13.886074867143034,42.460806666666755
2025-06-05,22:40:00,65417,65344,65460,113288.2775,14.043631620953482,42.94258333333322
2025-06-05,22:50:00,65414,65359,65423,113273.824,13.886072686924521,42.46079999999978
2025-06-05,23:00:00,65410,65331,65471,113283.0945,13.987131260828228,42.769816666666884
2025-06-05,23:10:00,65403,65323,65368,113214.9379,13.244149890015876,40.497930000000146
2025-06-05,23:20:00,65423,65356,65435,113284.2217,13.99941897179343,42.80738999999982
2025-06-05,23:30:00,65430,65347,65394,113259.395,13.728780829651079,41.979833333333474
2025-06-05,23:40:00,65425,65328,65414,113257.0952,13.703710498140996,41.90317333333321
2025-06-05,23:50:00,65428,65333,65403,113255.3596,13.684790562768896,41.845319999999866
2025-07-05,00:00:00,65408,65341,65374,113231.6768,13.426622179829161,41.05589333333337
2025-07-05,00:10:00,65422,65320,65409,113247.8599,13.603035642677792,41.59532999999986
2025-07-05,00:20:00,65404,65340,65453,113274.4191,13.892559926807008,42.48063666666664
2025-07-05,00:30:00,65413,65355,65417,113267.4732,13.816842031496357,42.249106666666435
2025-07-05,00:40:00,65422,65320,65426,113257.6795,13.71008000622924,41.92264999999995
2025-07-05,00:50:00,65421,65359,65378,113251.883,13.646891826127662,41.72943333333339
2025-07-05,01:00:00,65420,65328,65416,113255.3621,13.684817815499063,41.84540333333328
2025-07-05,01:10:00,65408,65329,65415,113248.4301,13.609251445368045,41.61433666666659
2025-07-05,01:20:00,65424,65345,65404,113260.5493,13.741363960211062,42.01830999999996
2025-07-05,01:30:00,65402,65344,65453,113275.5717,13.905124525510573,42.519056666666685
2025-07-05,01:40:00,65410,65357,65365,113236.8702,13.483235911311944,41.22900666666683
2025-07-05,01:50:00,65406,65337,65454,113274.4213,13.89258390920956,42.48071000000006
2025-07-05,02:00:00,65401,65346,65380,113233.983,13.451762278328225,41.132766666666434
2025-07-05,02:10:00,65431,65343,65388,113254.2006,13.672156197076196,41.80668666666655
2025-07-05,02:20:00,65406,65325,65451,113265.7665,13.798237137684726,42.192216666666596
2025-07-05,02:30:00,65400,65348,65426,113261.1256,13.747646259562844,42.03751999999998
2025-07-05,02:40:00,65410,65341,65389,113241.4928,13.533627299449247,41.383093333333576
2025-07-05,02:50:00,65427,65340,65412,113264.0176,13.77917221778838,42.13392000000022
2025-07-05,03:00:00,65406,65336,65447,113269.7998,13.842204512273454,42.326659999999784
2025-07-05,03:10:00,65408,65339,65449,113273.8407,13.886254735161932,42.46135666666669
2025-07-05,03:20:00,65427,65359,65412,113274.98,13.898674349341087,42.4993333333332
2025-07-05,03:30:00,65406,65320,65459,113267.506,13.817199587315798,42.2501999999998
2025-07-05,03:40:00,65412,65349,65450,113282.4966,13.980613497887962,42.74988666666662
2025-07-05,03:50:00,65418,65338,65425,113265.1738,13.791776060423304,42.172460000000136
2025-07-05,04:00:00,65431,65349,65392,113259.9719,13.735069669658085,41.99906333333347
2025-07-05,04:10:00,65416,65348,65393,113251.3073,13.640616067431107,41.710243333333345
2025-07-05,04:20:00,65415,65359,65382,113250.7264,13.634283623055868,41.690879999999986
2025-07-05,04:30:00,65417,65320,65441,113263.4573,13.77306433590937,42.115243333333154
2025-07-05,04:40:00,65418,65321,65455,113272.701,13.873830760545905,42.423366666666695
2025-07-05,04:50:00,65416,65349,65401,113256.5038,13.697263592299283,41.88346000000019
2025-07-05,05:00:00,65418,65323,65364,113221.2946,13.313444861887051,40.709819999999795
2025-07-05,05:10:00,65407,65348,65418,113260.5469,13.741337797590155,42.01823000000004
2025-07-05,05:20:00,65406,65322,65395,113231.6853,13.426714839111595,41.05617666666658
2025-07-05,05:30:00,65409,65329,65446,113266.9168,13.810776663876638,42.23056000000021
2025-07-05,05:40:00,65413,65353,65460,113291.1593,14.075046388040002,43.03864333333331
2025-07-05,05:50:00,65422,65347,65395,113255.3509,13.684695723268108,41.845030000000165
2025-07-05,06:00:00,65417,65326,65456,113275.5848,13.905267329816462,42.51949333333323
2025-07-05,06:10:00,65407,65320,65420,113245.5494,13.577848669482883,41.51831333333345
2025-07-05,06:20:00,65422,65322,65451,113273.2765,13.880104339024104,42.44255000000024
2025-07-05,06:30:00,65422,65327,65417,113256.5181,13.69741947791563,41.883936666666706
2025-07-05,06:40:00,65424,65356,65430,113281.9112,13.97423199859852,42.73037333333341
2025-07-05,06:50:00,65418,65352,65455,113290.5806,14.068737926067312,43.01935333333337
2025-07-05,07:00:00,65414,65327,65397,113240.3459,13.52112483697034,41.34486333333334
2025-07-05,07:10:00,65402,65351,65451,113278.4543,13.936548013470674,42.61514333333326
2025-07-05,07:20:00,65413,65351,65409,113260.545,13.741317085515218,42.01816666666661
2025-07-05,07:30:00,65410,65335,65431,113262.2889,13.760327499951392,42.07629666666665
2025-07-05,07:40:00,65419,65356,65417,113271.5153,13.860905335695291,42.3838433333333
2025-07-05,07:50:00,65420,65333,65458,113282.5099,13.980758482412371,42.750330000000154
2025-07-05,08:00:00,65422,65337,65370,113235.1472,13.46445332969977,41.171573333333555
2025-07-05,08:10:00,65409,65326,65396,113236.3032,13.47705499211618,41.2101066666665
2025-07-05,08:20:00,65422,65340,65382,113243.806,13.558843705592677,41.460199999999894
2025-07-05,08:30:00,65415,65338,65399,113248.4246,13.609191489361748,41.614153333333284
2025-07-05,08:40:00,65428,65337,65365,113235.7275,13.470779233419625,41.19091666666645
2025-07-05,08:50:00,65400,65324,65383,113222.4433,13.325966946331638,40.74810999999997
2025-07-05,09:00:00,65410,65321,65430,113253.6359,13.66600035039224,41.78786333333313
2025-07-05,09:10:00,65422,65331,65383,113239.1908,13.508532985536611,41.306359999999884
2025-07-05,09:20:00,65404,65356,65401,113253.6125,13.66574526483823,41.78708333333343
2025-07-05,09:30:00,65431,65349,65372,113248.4258,13.609204570672201,41.61419333333324
2025-07-05,09:40:00,65401,65354,65479,113295.7879,14.125503182729572,43.192929999999855
2025-07-05,09:50:00,65425,65341,65471,113297.5231,14.144418757664958,43.250770000000195
2025-07-05,10:00:00,65423,65336,65437,113273.8398,13.886244924179094,42.46132666666672
2025-07-05,10:10:00,65429,65342,65459,113293.4759,14.100299857896598,43.1158633333335
2025-07-05,10:20:00,65416,65336,65377,113235.1451,13.464430437406318,41.17150333333314
2025-07-05,10:30:00,65408,65359,65429,113273.8248,13.886081407798262,42.46082666666674
2025-07-05,10:40:00,65412,65344,65466,113288.8575,14.049954254345883,42.96191666666661
2025-07-05,10:50:00,65408,65341,65470,113287.1292,14.031113896945767,42.90430666666653
2025-07-05,11:00:00,65413,65323,65389,113232.8407,13.439309960872935,41.09469000000002
2025-07-05,11:10:00,65425,65348,65472,113302.1382,14.194728387611766,43.40460666666671
2025-07-05,11:20:00,65401,65342,65400,113243.2239,13.552498179906982,41.44079666666657
2025-07-05,11:30:00,65410,65325,65381,113227.6419,13.382637363493108,40.921396666666745
2025-07-05,11:40:00,65431,65340,65405,113262.2858,13.760293706566001,42.076193333333265
2025-07-05,11:50:00,65403,65357,65397,113251.3023,13.640561561970777,41.710076666666524
2025-07-05,12:00:00,65416,65356,65388,113253.0368,13.65946950614168,41.76789333333339
2025-07-05,12:10:00,65405,65331,65450,113268.0718,13.82336742520111,42.269060000000174
2025-07-05,12:20:00,65420,65341,65448,113281.3461,13.968071791477692,42.711536666666504
2025-07-05,12:30:00,65426,65350,65369,113244.3824,13.565127095053716,41.47941333333341
2025-07-05,12:40:00,65426,65359,65461,113302.7046,14.200902766152145,43.42348666666658
2025-07-05,12:50:00,65411,65326,65373,113224.1773,13.34486943995641,40.805909999999855
2025-07-05,13:00:00,65412,65336,65389,113239.7632,13.514772770629419,41.32544000000004
2025-07-05,13:10:00,65420,65347,65425,113271.5208,13.86096529170159,42.384026666666614
2025-07-05,13:20:00,65425,65321,65417,113254.7904,13.678585661170741,41.8263466666666
2025-07-05,13:30:00,65410,65320,65414,113243.8161,13.558953806622437,41.46053666666655
2025-07-05,13:40:00,65420,65355,65478,113306.7558,14.24506527028874,43.55852666666664
2025-07-05,13:50:00,65425,65348,65384,113251.3099,13.64064441027037,41.710329999999765
2025-07-05,14:00:00,65410,65359,65374,113243.2199,13.552454575538754,41.44066333333322
2025-07-05,14:10:00,65431,65355,65476,113311.9515,14.301704074283174,43.73171666666652
2025-07-05,14:20:00,65426,65358,65467,113305.5944,14.232404741975127,43.51981333333339
2025-07-05,14:30:00,65402,65353,65418,113260.5445,13.741311634969248,42.01815000000012
2025-07-05,14:40:00,65414,65343,65385,113242.6478,13.546218060773715,41.42159333333353
2025-07-05,14:50:00,65404,65352,65399,113250.1493,13.627992602830503,41.671643333333485
2025-07-05,15:00:00,65414,65339,65446,113275.5721,13.905128885947441,42.51907000000016
2025-07-05,15:10:00,65402,65336,65425,113254.7797,13.678469019485757,41.825989999999976
2025-07-05,15:20:00,65426,65353,65436,113284.8012,14.00573615463986,42.82670666666672
2025-07-05,15:30:00,65425,65321,65436,113265.7661,13.798232777247856,42.19220333333312
2025-07-05,15:40:00,65408,65359,65380,113245.5286,13.577621926768138,41.51762000000017
2025-07-05,15:50:00,65400,65344,65424,113257.6625,13.709894687664372,41.922083333333525
2025-07-05,16:00:00,65410,65359,65405,113261.1187,13.747571042027735,42.03729000000021
2025-07-05,16:10:00,65424,65358,65398,113264.5856,13.785364038076086,42.15285333333353
2025-07-05,16:20:00,65402,65356,65471,113292.8955,14.093972864067325,43.09651666666662
2025-07-05,16:30:00,65411,65349,65465,113290.5863,14.06880006229197,43.01954333333318
2025-07-05,16:40:00,65401,65331,65382,113226.4823,13.369996457145179,40.882743333333444
2025-07-05,16:50:00,65404,65336,65437,113262.8672,13.766631601487209,42.09557333333311
2025-07-05,17:00:00,65424,65331,65425,113264.6015,13.785537365439756,42.15338333333348
2025-07-05,17:10:00,65415,65343,65446,113278.4569,13.936576356310095,42.61523000000015
2025-07-05,17:20:00,65407,65350,65384,113242.0664,13.53988016585235,41.40221333333321
2025-07-05,17:30:00,65416,65342,65464,113288.8579,14.049958614782755,42.961930000000095
2025-07-05,17:40:00,65421,65335,65433,113269.7972,13.84217616943419,42.326573333333364
2025-07-05,17:50:00,65407,65344,65445,113273.8364,13.886207860466085,42.46121333333333
2025-07-05,18:00:00,65424,65331,65378,113237.4594,13.489658834751262,41.2486466666669
2025-07-05,18:10:00,65426,65345,65468,113298.674,14.15696482451194,43.289133333333304
2025-07-05,18:20:00,65412,65345,65410,113257.0831,13.7035785949272,41.90277000000012
2025-07-05,18:30:00,65431,65329,65379,113240.9274,13.527463822000806,41.36424666666668
2025-07-05,18:40:00,65406,65336,65386,113234.5651,13.458107804014078,41.15217000000024
2025-07-05,18:50:00,65425,65340,65449,113284.2347,13.999560685990224,42.80782333333336
2025-07-05,19:00:00,65425,65326,65377,113234.5752,13.458217905043835,41.15250666666689
2025-07-05,19:10:00,65414,65326,65372,113225.3331,13.357468922154622,40.84443666666678
2025-07-05,19:20:00,65418,65327,65477,113288.8749,14.050143933347622,42.96249666666651
2025-07-05,19:30:00,65426,65342,65456,113290.01,14.062517762940187,43.00033333333316
2025-07-05,19:40:00,65417,65350,65457,113290.005,14.062463257480015,43.00016666666682
2025-07-05,19:50:00,65419,65358,65462,113298.6636,14.156851453154566,43.28878666666666
2025-07-05,20:00:00,65417,65358,65380,113250.1499,13.627999143485729,41.67166333333346
2025-07-05,20:10:00,65413,65350,65387,113247.2642,13.596541862140235,41.5754733333335
2025-07-05,20:20:00,65402,65353,65366,113230.5178,13.413987814136458,41.01726000000005
2025-07-05,20:30:00,65404,65359,65453,113285.3799,14.012044616612549,42.845996666666665
2025-07-05,20:40:00,65422,65342,65471,113296.3675,14.131821455685104,43.21224999999977
2025-07-05,20:50:00,65406,65334,65476,113285.4049,14.012317143913881,42.846829999999805
2025-07-05,21:00:00,65403,65348,65449,113276.1454,13.91137848202293,42.5381799999998
2025-07-05,21:10:00,65424,65332,65445,113276.7321,13.917774152732084,42.557736666666464
2025-07-05,21:20:00,65400,65335,65472,113280.2057,13.955640186097341,42.67352333333353
2025-07-05,21:30:00,65409,65321,65418,113246.126,13.584134239162276,41.53753333333346
2025-07-05,21:40:00,65402,65353,65393,113246.1066,13.583922757976344,41.53688666666664
2025-07-05,21:50:00,65426,65332,65376,113238.0372,13.49595748574111,41.26790666666687
2025-07-05,22:00:00,65417,65351,65459,113291.7374,14.081348309357463,43.05791333333327
2025-07-05,22:10:00,65402,65358,65409,113258.2317,13.71609958926253,41.941056666666796
2025-07-05,22:20:00,65419,65348,65425,113271.5202,13.860958751046363,42.384006666666636
2025-07-05,22:30:00,65416,65348,65425,113269.7876,13.842071518950402,42.326253333333206
2025-07-05,22:40:00,65420,65335,65419,113261.1327,13.747723657316469,42.03775666666673
2025-07-05,22:50:00,65411,65329,65393,113237.4567,13.489629401802583,41.24855666666651
2025-07-05,23:00:00,65424,65358,65447,113292.8848,14.093856222382342,43.09616
2025-07-05,23:10:00,65404,65320,65457,113265.1953,13.792010433902533,42.17317666666689
2025-07-05,23:20:00,65416,65322,65408,113244.9699,13.571531486636452,41.49899666666655
2025-07-05,23:30:00,65413,65349,65477,113298.6756,14.156982266259263,43.289186666666744
2025-07-05,23:40:00,65403,65337,65425,113255.9341,13.691053240154998,41.864469999999955
2025-07-05,23:50:00,65404,65344,65411,113252.4634,13.653218819956773,41.748779999999776
2025-08-05,00:00:00,65400,65334,65436,113258.8259,13.722577018162017,41.9608633333332
2025-08-05,00:10:00,65414,65343,65431,113269.2138,13.835816472328784,42.30712666666659
2025-08-05,00:20:00,65411,65356,65424,113270.9382,13.854614315469926,42.3646066666668
2025-08-05,00:30:00,65404,65325,65402,113236.3036,13.47705935255305,41.210119999999975
2025-08-05,00:40:00,65423,65343,65374,113241.4962,13.533664363162094,41.383206666666474
2025-08-05,00:50:00,65429,65332,65461,113288.86,14.049981507076046,42.96200000000002
2025-08-05,01:00:00,65424,65326,65415,113255.9415,13.691133908236237,41.864716666666695
2025-08-05,01:10:00,65403,65327,65383,113225.907,13.363725058885496,40.863566666666884
2025-08-05,01:20:00,65428,65329,65470,113291.7575,14.081567421307883,43.058583333333566
2025-08-05,01:30:00,65401,65345,65404,113247.2651,13.596551673123075,41.57550333333347
2025-08-05,01:40:00,65416,65322,65369,113222.4488,13.326026902337937,40.74829333333327
2025-08-05,01:50:00,65404,65324,65417,113244.3909,13.565219754336148,41.47969666666661
2025-08-05,02:00:00,65414,65342,65412,113257.6625,13.709894687664372,41.922083333333525
2025-08-05,02:10:00,65408,65354,65383,113244.375,13.565046426972478,41.479166666666664
2025-08-05,02:20:00,65425,65354,65413,113271.5168,13.860921687333358,42.383893333333255
2025-08-05,02:30:00,65417,65336,65451,113278.463,13.936642852971623,42.61543333333345
2025-08-05,02:40:00,65402,65351,65462,113284.8103,14.00583535457752,42.82700999999991
2025-08-05,02:50:00,65405,65332,65474,113282.5182,13.980848961476447,42.75060666666686
2025-08-05,03:00:00,65424,65328,65431,113266.3371,13.804457300811851,42.21123666666681
2025-08-05,03:10:00,65413,65356,65461,113293.4677,14.100210468941617,43.11558999999979
2025-08-05,03:20:00,65410,65322,65455,113268.6577,13.82975437503652,42.28858999999987
2025-08-05,03:30:00,65428,65328,65430,113268.0699,13.823346713126172,42.268996666666744
2025-08-05,03:40:00,65424,65353,65439,113285.379,14.01203480562971,42.8459666666667
2025-08-05,03:50:00,65409,65328,65442,113264.0288,13.779294310019335,42.13429333333333
2025-08-05,04:00:00,65407,65344,65368,113229.3664,13.40143629674335,40.97887999999997
2025-08-05,04:10:00,65410,65353,65451,113284.2271,13.999477837690629,42.80757000000012
2025-08-05,04:20:00,65427,65334,65401,113254.2038,13.672191080570844,41.80679333333343
2025-08-05,04:30:00,65407,65324,65411,113242.6578,13.54632707169422,41.4219266666667
2025-08-05,04:40:00,65425,65337,65433,113273.2611,13.879936462206404,42.44203666666678
2025-08-05,04:50:00,65404,65332,65391,113233.9892,13.451829865099008,41.13297333333321
2025-08-05,05:00:00,65404,65332,65444,113264.6043,13.785567888497532,42.153476666666876
2025-08-05,05:10:00,65417,65359,65408,113266.8938,13.810525938759344,42.22979333333351
2025-08-05,05:20:00,65431,65348,65478,113309.07,14.270292577524426,43.6356666666669
2025-08-05,05:30:00,65425,65322,65419,113256.5224,13.697466352611476,41.884080000000054
2025-08-05,05:40:00,65407,65353,65403,113254.7688,13.678350197582414,41.82562666666684
2025-08-05,05:50:00,65426,65332,65472,113293.4883,14.100435031438007,43.11627666666658
2025-08-05,06:00:00,65400,65325,65451,113262.3019,13.760469214148188,42.0767300000002
2025-08-05,06:10:00,65418,65335,65403,113250.7367,13.634395904303982,41.691223333333134
2025-08-05,06:20:00,65427,65352,65422,113276.7157,13.91759537482244,42.55719000000002
2025-08-05,06:30:00,65426,65332,65470,113292.3325,14.087835549239953,43.07775000000014
2025-08-05,06:40:00,65412,65344,65416,113259.9715,13.735065309221216,41.99904999999999
2025-08-05,06:50:00,65409,65355,65426,113270.3614,13.848326565572016,42.34537999999981
2025-08-05,07:00:00,65426,65357,65423,113279.6003,13.94904066496674,42.65334333333352
2025-08-05,07:10:00,65406,65324,65470,113276.1701,13.911647738996807,42.53900333333343
2025-08-05,07:20:00,65412,65350,65386,113246.1092,13.583951100815765,41.53697333333354
2025-08-05,07:30:00,65409,65329,65395,113237.4565,13.489627221584227,41.24855000000001
2025-08-05,07:40:00,65410,65349,65402,113253.6159,13.665782328551238,41.78719666666681
2025-08-05,07:50:00,65430,65337,65463,113293.481,14.100355453466026,43.11603333333333
2025-08-05,08:00:00,65401,65333,65440,113261.1376,13.747777072667542,42.037920000000064
2025-08-05,08:10:00,65428,65331,65402,113253.6284,13.665918592201903,41.787613333333375
2025-08-05,08:20:00,65401,65351,65376,113234.5591,13.45804239746165,41.151969999999956
2025-08-05,08:30:00,65413,65346,65476,113296.3674,14.131820365576003,43.21224666666676
2025-08-05,08:40:00,65408,65336,65467,113282.5117,13.980778104378052,42.750390000000095
2025-08-05,08:50:00,65430,65353,65423,113279.6029,13.949069007806003,42.653429999999936
2025-08-05,09:00:00,65431,65343,65472,113302.7193,14.201063012205363,43.42397666666657
2025-08-05,09:10:00,65402,65325,65446,113260.5675,13.741562360086546,42.018916666666826
2025-08-05,09:20:00,65429,65326,65437,113271.5378,13.861150610266614,42.38459333333351
2025-08-05,09:30:00,65408,65351,65461,113287.6965,14.037298086469143,42.923216666666846
2025-08-05,09:40:00,65430,65347,65423,113276.1415,13.911335967763955,42.538049999999934
2025-08-05,09:50:00,65414,65349,65400,113254.7712,13.678376360203321,41.82570666666676
2025-08-05,10:00:00,65428,65341,65431,113276.1459,13.911383932569057,42.53819666666677
2025-08-05,10:10:00,65419,65351,65463,113295.2035,14.11913258453223,43.17345000000011
2025-08-05,10:20:00,65417,65323,65454,113272.699,13.873808958361712,42.42329999999978
2025-08-05,10:30:00,65431,65336,65375,113242.6566,13.546313990383764,41.42188666666674
2025-08-05,10:40:00,65421,65336,65373,113235.7243,13.470744349925134,41.190810000000056
2025-08-05,10:50:00,65421,65320,65385,113233.422,13.445646765685046,41.114066666666865
2025-08-05,11:00:00,65425,65337,65413,113261.7092,13.754008136886608,42.056973333333254
2025-08-05,11:10:00,65413,65348,65439,113276.1422,13.911343598528438,42.5380733333334
2025-08-05,11:20:00,65403,65354,65415,113259.9662,13.73500753343327,41.99887333333317
2025-08-05,11:30:00,65428,65331,65370,113235.152,13.464505654941584,41.17173333333339
2025-08-05,11:40:00,65428,65330,65396,113249.5868,13.621860738549099,41.65289333333349
2025-08-05,11:50:00,65405,65334,65395,113238.0307,13.495886628642713,41.2676900000001
2025-08-05,12:00:00,65418,65330,65421,113258.2486,13.716283817718297,41.941620000000206
2025-08-05,12:10:00,65422,65345,65461,113292.3194,14.0876927449339,43.0773133333331
2025-08-05,12:20:00,65413,65353,65392,113251.8823,13.646884195363178,41.729409999999916
2025-08-05,12:30:00,65403,65336,65462,113276.7353,13.917809036226732,42.557843333333345
2025-08-05,12:40:00,65412,65358,65378,113246.1072,13.583929298631569,41.53690666666662
2025-08-05,12:50:00,65422,65348,65392,113254.1957,13.672102781725123,41.80652333333322
2025-08-05,13:00:00,65410,65351,65365,113233.4073,13.445486519631828,41.11357666666687
2025-08-05,13:10:00,65414,65333,65447,113272.6891,13.87370103755047,42.42297000000011
2025-08-05,13:20:00,65421,65330,65390,113242.078,13.540006618520174,41.4025999999998
2025-08-05,13:30:00,65402,65336,65471,113281.3592,13.968214595783744,42.71197333333354
2025-08-05,13:40:00,65423,65347,65456,113291.1615,14.075070370442553,43.03871666666673
2025-08-05,13:50:00,65420,65335,65464,113287.1304,14.03112697825622,42.904346666666484
2025-08-05,14:00:00,65426,65339,65369,113238.0349,13.495932413229301,41.267829999999954
2025-08-05,14:10:00,65418,65324,65366,113223.0262,13.332321192890914,40.76753999999976
2025-08-05,14:20:00,65426,65320,65421,113257.1018,13.70378244534865,41.90339333333347
2025-08-05,14:30:00,65427,65357,65378,113254.1949,13.672094060851542,41.806496666666746
2025-08-05,14:40:00,65401,65354,65427,113265.7426,13.797976601584589,42.19141999999992
2025-08-05,14:50:00,65416,65344,65387,113245.5348,13.577689513538763,41.517826666666465
2025-08-05,15:00:00,65411,65337,65378,113233.411,13.445526853672288,41.11369999999976
2025-08-05,15:10:00,65411,65335,65390,113239.186,13.508480660294795,41.30620000000005
2025-08-05,15:20:00,65407,65344,65380,113236.2945,13.47696015261539,41.20981666666679
2025-08-05,15:30:00,65428,65327,65442,113274.4255,13.892629693796147,42.48084999999992
2025-08-05,15:40:00,65426,65326,65366,113228.8025,13.395289170933134,40.96008333333351
2025-08-05,15:50:00,65428,65343,65423,113272.6788,13.873588756302194,42.422626666666474
2025-08-05,16:00:00,65425,65322,65383,113235.732,13.470828288333985,41.191066666666785
2025-08-05,16:10:00,65413,65334,65388,113238.6094,13.502195090615404,41.28698000000004
2025-08-05,16:20:00,65429,65333,65434,113273.842,13.886268906581643,42.46140000000014
2025-08-05,16:30:00,65416,65339,65463,113286.5497,14.024796714099494,42.88499000000011
2025-08-05,16:40:00,65408,65357,65411,113262.2745,13.760170524225787,42.07581666666665
2025-08-05,16:50:00,65424,65341,65365,113235.7244,13.470745440034394,41.19081333333355
2025-08-05,17:00:00,65423,65327,65374,113232.2645,13.43302875163041,41.07548333333349
2025-08-05,17:10:00,65431,65332,65444,113280.1974,13.955549707033265,42.67324666666682
2025-08-05,17:20:00,65407,65340,65381,113234.5637,13.458092542485108,41.15212333333329
2025-08-05,17:30:00,65429,65337,65473,113298.682,14.157052033248403,43.28940000000002
2025-08-05,17:40:00,65414,65350,65401,113255.9257,13.690961670981823,41.864190000000235
2025-08-05,17:50:00,65431,65330,65408,113258.2497,13.716295808919494,41.941656666666674
2025-08-05,18:00:00,65424,65352,65465,113299.8231,14.169491269393239,43.32743666666647
2025-08-05,18:10:00,65408,65327,65374,113223.5986,13.338560977983722,40.78661999999992
2025-08-05,18:20:00,65421,65343,65404,113257.6625,13.709894687664372,41.922083333333525
2025-08-05,18:30:00,65416,65331,65409,113250.7391,13.63442206692505,41.69130333333354
2025-08-05,18:40:00,65431,65334,65443,113280.7732,13.961826555838917,42.69243999999986
2025-08-05,18:50:00,65421,65341,65455,113285.968,14.018455548850511,42.86559999999978
2025-08-05,19:00:00,65419,65352,65437,113280.7593,13.961675030659443,42.69197666666684
2025-08-05,19:10:00,65407,65351,65477,113296.3653,14.13179747328271,43.21217666666683
2025-08-05,19:20:00,65427,65352,65365,113243.8054,13.55883716493745,41.460179999999916
2025-08-05,19:30:00,65400,65352,65468,113287.6998,14.037334060072892,42.92332666666674
2025-08-05,19:40:00,65412,65349,65396,113251.3062,13.640604076229911,41.71020666666688
2025-08-05,19:50:00,65412,65345,65385,113242.65,13.546242043176111,41.421666666666475
2025-08-05,20:00:00,65406,65321,65401,113234.5737,13.45820155340561,41.15245666666645
2025-08-05,20:10:00,65406,65345,65409,113253.0403,13.659507659963783,41.76800999999978
2025-08-05,20:20:00,65425,65334,65461,113287.7076,14.03741908859084,42.92358666666647
2025-08-05,20:30:00,65409,65359,65438,113279.601,13.949048295731064,42.6533666666665
2025-08-05,20:40:00,65428,65322,65369,113229.3824,13.401610714216279,40.97941333333341
2025-08-05,20:50:00,65408,65325,65436,113258.2544,13.716347044052213,41.94181333333351
2025-08-05,21:00:00,65406,65350,65395,113247.8404,13.60282307138276,41.59468000000003
2025-08-05,21:10:00,65408,65331,65371,113224.1744,13.344837826789535,40.805813333333454
2025-08-05,21:20:00,65407,65347,65425,113264.0132,13.779124252983276,42.13377333333337
2025-08-05,21:30:00,65419,65326,65438,113266.3396,13.804484553542016,42.21132000000022
2025-08-05,21:40:00,65419,65335,65367,113230.528,13.414099005275474,41.01760000000019
2025-08-05,21:50:00,65405,65341,65389,113238.6048,13.502144945591944,41.2868266666667
2025-08-05,22:00:00,65430,65322,65404,113250.7475,13.634513636098225,41.691583333333256
2025-08-05,22:10:00,65427,65333,65438,113274.9975,13.898865118452083,42.499916666666586
2025-08-05,22:20:00,65417,65331,65450,113275.0014,13.898907632711058,42.50004666666646
2025-08-05,22:30:00,65411,65332,65388,113236.3002,13.477022288840045,41.210006666666594
2025-08-05,22:40:00,65412,65338,65418,113257.6651,13.709923030503637,41.922169999999944
2025-08-05,22:50:00,65413,65355,65408,113262.2755,13.760181425317887,42.075850000000116
2025-08-05,23:00:00,65407,65348,65416,113259.3917,13.728744856047172,41.9797233333331
2025-08-05,23:10:00,65422,65351,65414,113268.6306,13.829458955441893,42.2876866666668
2025-08-05,23:20:00,65411,65337,65433,113265.1755,13.791794592279729,42.17251666666659
2025-08-05,23:30:00,65417,65338,65385,113241.4957,13.533658912616122,41.38318999999998
2025-08-05,23:40:00,65404,65351,65419,113261.123,13.74761791672358,42.03743333333356
2025-08-05,23:50:00,65408,65322,65391,113230.5305,13.41412625800548,41.01768333333312
2025-09-05,00:00:00,65409,65354,65424,113268.6293,13.829444784022183,42.28764333333335
2025-09-05,00:10:00,65428,65334,65460,113288.8624,14.050007669696956,42.96207999999994
2025-09-05,00:20:00,65406,65331,65412,113246.6959,13.590346771524919,41.5565300000002
2025-09-05,00:30:00,65429,65340,65394,113254.7786,13.678457028284559,41.8259533333335
2025-09-05,00:40:00,65425,65343,65383,113247.8475,13.602900469136383,41.594916666666784
2025-09-05,00:50:00,65404,65323,65455,113265.7696,13.798270931070117,42.19231999999999
2025-09-05,01:00:00,65411,65339,65423,113260.5526,13.74139993381481,42.01841999999984
2025-09-05,01:10:00,65423,65351,65468,113300.4023,14.175805181912056,43.346743333333386
2025-09-05,01:20:00,65403,65353,65463,113287.1192,14.031004886025265,42.90397333333337
2025-09-05,01:30:00,65401,65334,65397,113236.8755,13.483293687099728,41.229183333333154
2025-09-05,01:40:00,65403,65325,65402,113235.726,13.470762881781557,41.1908666666665
2025-09-05,01:50:00,65409,65331,65366,113221.8654,13.319667205232532,40.728846666666506
2025-09-05,02:00:00,65412,65337,65403,113248.4248,13.609193669580103,41.61415999999978
2025-09-05,02:10:00,65420,65334,65460,113284.2423,13.999643534289817,42.8080766666666
2025-09-05,02:20:00,65402,65345,65371,113228.7873,13.395123474333788,40.95957666666654
2025-09-05,02:30:00,65403,65349,65450,113277.3001,13.923965973019786,42.57666999999977
2025-09-05,02:40:00,65409,65333,65441,113266.335,13.804434408518558,42.211166666666884
2025-09-05,02:50:00,65401,65356,65432,113269.7849,13.842042086001879,42.32616333333329
2025-09-05,03:00:00,65405,65333,65466,113278.4713,13.936733332035699,42.615710000000156
2025-09-05,03:10:00,65424,65339,65365,113234.5703,13.458164489692763,41.152343333333555
2025-09-05,03:20:00,65406,65325,65380,113224.7537,13.351152829417448,40.825123333333366
2025-09-05,03:30:00,65426,65344,65391,113253.6211,13.665839014229924,41.78737000000013
2025-09-05,03:40:00,65401,65354,65464,113287.1194,14.03100706624362,42.90397999999986
2025-09-05,03:50:00,65404,65320,65403,113233.9968,13.4519127133986,41.13322666666645
2025-09-05,04:00:00,65411,65355,65408,113261.1205,13.747590663993417,42.03735000000015
2025-09-05,04:10:00,65422,65350,65374,113244.9578,13.571399583422657,41.49859333333346
2025-09-05,04:20:00,65409,65322,65377,113223.0237,13.332293940160909,40.76745666666684
2025-09-05,04:30:00,65415,65329,65456,113276.1599,13.91153654785779,42.53866333333329
2025-09-05,04:40:00,65409,65331,65457,113274.4265,13.892640594888245,42.48088333333338
2025-09-05,04:50:00,65408,65320,65368,113216.0955,13.25676899417961,40.53651666666653
2025-09-05,05:00:00,65419,65327,65406,113248.4319,13.609271067333728,41.61439666666653
2025-09-05,05:10:00,65411,65320,65420,113247.8597,13.603033462459436,41.59532333333336
2025-09-05,05:20:00,65431,65339,65391,113253.6249,13.66588043837964,41.787496666666506
2025-09-05,05:30:00,65424,65356,65410,113270.3607,13.848318934807692,42.345356666666824
2025-09-05,05:40:00,65404,65331,65400,113238.6099,13.502200541161372,41.286996666666525
2025-09-05,05:50:00,65416,65347,65474,113297.5205,14.144390414825537,43.25068333333329
2025-09-05,06:00:00,65414,65325,65471,113281.9441,13.974590644527058,42.731469999999774
2025-09-05,06:10:00,65426,65339,65477,113300.4145,14.17593817523511,43.34714999999997
2025-09-05,06:20:00,65413,65321,65436,113258.835,13.72267621809984,41.961166666666884
2025-09-05,06:30:00,65430,65356,65383,113258.2373,13.716160635377927,41.94124333333311
2025-09-05,06:40:00,65425,65348,65364,113239.7643,13.514784761830615,41.32547666666651
2025-09-05,06:50:00,65422,65354,65433,113281.3351,13.967951879465096,42.71116999999989
2025-09-05,07:00:00,65404,65324,65396,113232.2613,13.43299386813576,41.07537666666661
2025-09-05,07:10:00,65416,65333,65375,113232.2594,13.432973156060823,41.07531333333318
2025-09-05,07:20:00,65409,65339,65416,113255.3542,13.684731696871856,41.84514000000005
2025-09-05,07:30:00,65417,65343,65406,113256.507,13.697298475793776,41.883566666666596
2025-09-05,07:40:00,65429,65353,65452,113295.7764,14.125377820171005,43.19254666666675
2025-09-05,07:50:00,65417,65348,65420,113267.4772,13.81688563586459,42.2492399999998
2025-09-05,08:00:00,65406,65350,65419,113261.7009,13.753917657822528,42.05669666666654
2025-09-05,08:10:00,65414,65342,65407,113254.7748,13.678415604134683,41.82582666666664
2025-09-05,08:20:00,65405,65339,65386,113235.7185,13.470681123591222,41.190616666666756
2025-09-05,08:30:00,65431,65335,65413,113264.0214,13.779213641938098,42.13404666666659
2025-09-05,08:40:00,65409,65327,65477,113283.6782,13.99349422826109,42.78927333333316
2025-09-05,08:50:00,65420,65320,65371,113224.7607,13.351229137061814,40.82535666666663
2025-09-05,09:00:00,65428,65351,65465,113301.5561,14.18838286192607,43.385203333333386
2025-09-05,09:10:00,65404,65341,65410,113250.155,13.628054739055159,41.671833333333296
2025-09-05,09:20:00,65401,65320,65418,113240.9287,13.52747799342052,41.36429000000014
2025-09-05,09:30:00,65422,65345,65406,113260.5489,13.741359599774194,42.01829666666648
2025-09-05,09:40:00,65409,65349,65477,113296.3663,14.131808374374648,43.21220999999981
2025-09-05,09:50:00,65417,65336,65389,113242.6514,13.546257304705078,41.421713333333415
2025-09-05,10:00:00,65407,65359,65476,113300.4021,14.1758030016937,43.346736666666885
2025-09-05,10:10:00,65411,65346,65435,113271.5227,13.860986003776528,42.38409000000004
2025-09-05,10:20:00,65424,65323,65396,113243.2379,13.552650795195717,41.4412633333331
2025-09-05,10:30:00,65400,65338,65394,113236.8733,13.483269704697335,41.22911000000022
2025-09-05,10:40:00,65415,65333,65416,113255.3582,13.684775301240089,41.84527333333342
2025-09-05,10:50:00,65415,65324,65468,113280.2111,13.955699051994383,42.67370333333334
2025-09-05,11:00:00,65425,65347,65429,113276.719,13.91763134842619,42.55729999999991
2025-09-05,11:10:00,65417,65325,65426,113257.6752,13.710033131533397,41.9225066666666
2025-09-05,11:20:00,65408,65352,65404,113255.3468,13.684651028790618,41.84489333333331
2025-09-05,11:30:00,65424,65332,65436,113271.5326,13.86109392458793,42.3844200000002
2025-09-05,11:40:00,65420,65332,65394,113244.9639,13.571466080084184,41.49879666666675
2025-09-05,11:50:00,65408,65330,65431,113258.2497,13.716295808919494,41.941656666666674
2025-09-05,12:00:00,65401,65357,65473,113294.0509,14.106567985828669,43.13503000000007
2025-09-05,12:10:00,65403,65357,65382,113242.6412,13.546146113566062,41.42137333333327
2025-09-05,12:20:00,65405,65353,65445,113277.8737,13.930218839423045,42.59578999999988
2025-09-05,12:30:00,65412,65342,65446,113276.1476,13.911402464425482,42.53825333333322
2025-09-05,12:40:00,65412,65330,65364,113221.8669,13.319683556870599,40.72889666666645
2025-09-05,12:50:00,65423,65326,65452,113276.7386,13.91784500983048,42.55795333333323
2025-09-05,13:00:00,65420,65334,65428,113265.7545,13.798106324580028,42.19181666666651
2025-09-05,13:10:00,65411,65326,65378,113227.0643,13.376340892721615,40.90214333333327
2025-09-05,13:20:00,65420,65338,65423,113265.1737,13.791774970314048,42.17245666666665
2025-09-05,13:30:00,65428,65344,65396,113257.6635,13.709905588756312,41.922116666666504
2025-09-05,13:40:00,65416,65351,65476,113300.9834,14.182139806505653,43.366113333333246
2025-09-05,13:50:00,65402,65357,65453,113283.0714,13.986879445601675,42.76904666666669
2025-09-05,14:00:00,65410,65354,65435,113275.5607,13.90500461349797,42.518690000000056
2025-09-05,14:10:00,65413,65333,65437,113266.334,13.804423507426458,42.211133333333414
2025-09-05,14:20:00,65401,65328,65366,113215.5128,13.25041692783869,40.51709333333323
2025-09-05,14:30:00,65420,65345,65435,113276.1433,13.911355589729634,42.53810999999987
2025-09-05,14:40:00,65415,65321,65433,113258.2569,13.716374296782218,41.94189666666644
2025-09-05,14:50:00,65427,65348,65389,113255.352,13.684707714469305,41.84506666666663
2025-09-05,15:00:00,65424,65331,65368,113231.6862,13.426724650094433,41.05620666666655
2025-09-05,15:10:00,65401,65356,65442,113275.5618,13.905016604699169,42.51872666666653
2025-09-05,15:20:00,65411,65355,65378,113243.7982,13.558758677074728,41.45994000000016
2025-09-05,15:30:00,65410,65342,65433,113267.4823,13.816941231434177,42.24941000000011
2025-09-05,15:40:00,65413,65340,65386,113240.9165,13.527345000097466,41.363883333333554
2025-09-05,15:50:00,65410,65335,65410,113250.1586,13.628093982986519,41.67195333333317
2025-09-05,16:00:00,65420,65334,65388,113242.6532,13.546276926670759,41.421773333333356
2025-09-05,16:10:00,65403,65330,65414,113245.5417,13.57776473107403,41.518056666666716
2025-09-05,16:20:00,65414,65323,65384,113230.5311,13.414132798660706,41.017703333333095
2025-09-05,16:30:00,65412,65341,65382,113238.6063,13.50216129723001,41.28687666666665
2025-09-05,16:40:00,65401,65333,65431,113255.9378,13.691093574195618,41.864593333333325
2025-09-05,16:50:00,65415,65346,65392,113248.9983,13.615445445874267,41.63327666666689
2025-09-05,17:00:00,65414,65347,65398,113252.4623,13.653206828755579,41.74874333333331
2025-09-05,17:10:00,65407,65335,65469,113282.5134,13.980796636234475,42.75044666666654
2025-09-05,17:20:00,65403,65349,65381,113237.4469,13.489522571100439,41.24822999999985
2025-09-05,17:30:00,65401,65332,65367,113218.3983,13.281872028965829,40.61327666666669
2025-09-05,17:40:00,65425,65344,65457,113291.1639,14.07509653306346,43.03879666666665
2025-09-05,17:50:00,65410,65326,65458,113272.6981,13.873799147378874,42.42326999999981
2025-09-05,18:00:00,65411,65329,65402,113242.6544,13.546290007981211,41.42181333333331
2025-09-05,18:10:00,65412,65350,65434,113273.8302,13.886140273695302,42.461006666666556
2025-09-05,18:20:00,65430,65355,65447,113294.6192,14.112763076443985,43.15397333333337
2025-09-05,18:30:00,65403,65326,65417,113244.9671,13.571500963578673,41.498903333333146
2025-09-05,18:40:00,65400,65332,65385,113228.214,13.388873878258302,40.94046666666691
2025-09-05,18:50:00,65421,65340,65449,113281.9246,13.974378073232025,42.730819999999945
2025-09-05,19:00:00,65427,65328,65389,113243.8132,13.55892219345556,41.46044000000014
2025-09-05,19:10:00,65408,65334,65373,113227.0601,13.376295108135027,40.90200333333341
2025-09-05,19:20:00,65423,65327,65387,113239.7705,13.514852348601398,41.32568333333329
2025-09-05,19:30:00,65415,65345,65454,113284.2326,13.999537793696929,42.80775333333343
2025-09-05,19:40:00,65404,65323,65413,113241.5035,13.533743941134231,41.3834500000002
2025-09-05,19:50:00,65423,65338,65463,113290.0152,14.062574448618872,43.000506666666475
2025-09-05,20:00:00,65427,65358,65437,113288.8409,14.049773296217728,42.96136333333319
2025-09-05,20:10:00,65424,65337,65382,113243.2306,13.552571217223736,41.441019999999845
2025-09-05,20:20:00,65403,65329,65460,113271.5421,13.861197484962462,42.38473666666687
2025-09-05,20:30:00,65422,65324,65410,113250.7446,13.634482022931348,41.69148666666685
2025-09-05,20:40:00,65416,65354,65471,113299.8244,14.16950544081295,43.32747999999992
2025-09-05,20:50:00,65401,65352,65384,113239.7552,13.514685561892954,41.32517333333332
2025-09-05,21:00:00,65416,65341,65411,113257.6631,13.709901228319598,41.9221033333335
2025-09-05,21:10:00,65404,65334,65398,113239.1857,13.508477389967183,41.30619000000006
2025-09-05,21:20:00,65427,65326,65395,113246.1241,13.584113527087341,41.537470000000035
2025-09-05,21:30:00,65410,65329,65436,113261.7166,13.754088804967841,42.05721999999999
2025-09-05,21:40:00,65413,65332,65420,113255.9367,13.691081582994421,41.86455666666686
2025-09-05,21:50:00,65429,65344,65365,113240.3444,13.521108485332272,41.34481333333339
2025-09-05,22:00:00,65431,65354,65370,113250.1566,13.628072180802484,41.67188666666674
2025-09-05,22:10:00,65420,65337,65430,113268.6403,13.829564696034781,42.28800999999997
2025-09-05,22:20:00,65409,65358,65404,113259.3866,13.728689260477744,41.97955333333327
2025-09-05,22:30:00,65416,65330,65466,113283.0928,13.987112728971645,42.76975999999995
2025-09-05,22:40:00,65423,65338,65431,113271.5275,13.861038329018344,42.38424999999989
2025-09-05,22:50:00,65425,65357,65405,113268.628,13.82943061260247,42.2875999999999
2025-09-05,23:00:00,65431,65358,65472,113311.3706,14.295371629907935,43.71235333333316
2025-09-05,23:10:00,65413,65355,65467,113296.36,14.131739697494766,43.21200000000002
2025-09-05,23:20:00,65404,65352,65399,113250.1493,13.627992602830503,41.671643333333485
2025-09-05,23:30:00,65402,65328,65371,113218.9773,13.288183761266131,40.63257666666662
2025-09-05,23:40:00,65400,65325,65404,113235.1484,13.464466411010225,41.17161333333352
2025-09-05,23:50:00,65406,65323,65376,113221.2901,13.31339580697285,40.709669999999946
2025-10-05,00:00:00,65416,65321,65423,113253.0575,13.659695158747164,41.768583333333176
2025-10-05,00:10:00,65404,65346,65395,113244.3772,13.56507040937503,41.47924000000009
2025-10-05,00:20:00,65420,65327,65465,113283.0947,13.987133441046586,42.769823333333385
2025-10-05,00:30:00,65407,65322,65407,113239.1937,13.508564598703648,41.30645666666678
2025-10-05,00:40:00,65428,65322,65449,113275.5864,13.905284771563787,42.51954666666667
2025-10-05,00:50:00,65405,65321,65450,113262.3043,13.760495376769095,42.076810000000116
2025-10-05,01:00:00,65411,65321,65465,113274.4375,13.892760506900842,42.481249999999996
2025-10-05,01:10:00,65416,65354,65461,113294.0461,14.106515660586853,43.134870000000234
2025-10-05,01:20:00,65422,65349,65479,113305.0278,14.226228183216234,43.50092666666654
2025-10-05,01:30:00,65407,65341,65407,113250.1549,13.628053648945901,41.6718299999998
2025-10-05,01:40:00,65425,65355,65432,113283.067,13.986831480796573,42.768899999999846
2025-10-05,01:50:00,65412,65348,65394,113249.5743,13.621724474898274,41.65247666666643
2025-10-05,02:00:00,65414,65335,65469,113286.5552,14.024856670105791,42.88517333333341
2025-10-05,02:10:00,65429,65349,65418,113273.83,13.886138093476948,42.46100000000006
2025-10-05,02:20:00,65415,65331,65380,113233.4146,13.445566097603809,41.113820000000125
2025-10-05,02:30:00,65415,65331,65371,113228.2183,13.388920752953988,40.94060999999977
2025-10-05,02:40:00,65419,65322,65379,113229.9558,13.407861400401023,40.998526666666535
2025-10-05,02:50:00,65429,65342,65455,113291.1648,14.075106344046302,43.03882666666662
2025-10-05,03:00:00,65418,65359,65368,113244.3775,13.565073679702644,41.47925000000008
2025-10-05,03:10:00,65419,65359,65471,113304.4407,14.21982815207037,43.48135666666688
2025-10-05,03:20:00,65400,65349,65384,113237.4464,13.489517120554467,41.248213333333354
2025-10-05,03:30:00,65419,65325,65385,113235.151,13.464494753849486,41.17169999999993
2025-10-05,03:40:00,65417,65327,65466,113281.9402,13.974548130268083,42.7313399999999
2025-10-05,03:50:00,65431,65352,65379,113254.1977,13.67212458390932,41.80659000000014
2025-10-05,04:00:00,65411,65357,65479,113303.2913,14.207298436861297,43.443043333333236
2025-10-05,04:10:00,65401,65333,65399,113237.4536,13.48959560841719,41.24845333333311
2025-10-05,04:20:00,65400,65342,65477,113287.133,14.03115532109564,42.90443333333339
2025-10-05,04:30:00,65412,65321,65468,113276.75,13.917969282279948,42.55833333333333
2025-10-05,04:40:00,65420,65321,65454,113273.2782,13.880122870880529,42.44260666666669
2025-10-05,04:50:00,65424,65328,65428,113264.6041,13.785565708279018,42.15346999999989
2025-10-05,05:00:00,65410,65322,65415,113245.5474,13.577826867298688,41.51824666666653
2025-10-05,05:10:00,65429,65342,65389,113253.0455,13.659564345642469,41.7681833333331
2025-10-05,05:20:00,65403,65337,65418,113251.8905,13.646973584317998,41.729683333333135
2025-10-05,05:30:00,65405,65354,65385,113243.797,13.558745595764274,41.4599000000002
2025-10-05,05:40:00,65410,65334,65449,113272.1116,13.867405656888232,42.40372000000013
2025-10-05,05:50:00,65427,65356,65479,113311.9522,14.301711705047657,43.73173999999999
2025-10-05,06:00:00,65409,65331,65474,113284.251,13.999738373790768,42.8083666666668
2025-10-05,06:10:00,65416,65357,65445,113286.5329,14.024613575752982,42.88443000000019
2025-10-05,06:20:00,65412,65354,65393,113252.4592,13.653173035370186,41.74863999999992
2025-10-05,06:30:00,65423,65349,65441,113283.6494,13.993180276809882,42.788313333333164
2025-10-05,06:40:00,65405,65322,65443,113258.8361,13.722688209301033,41.961203333333344
2025-10-05,06:50:00,65406,65333,65436,113261.7138,13.754058281910066,42.05712666666659
2025-10-05,07:00:00,65414,65340,65398,113248.4234,13.609178408051294,41.61411333333332
2025-10-05,07:10:00,65401,65346,65365,113225.3229,13.357357731015608,40.844096666666644
2025-10-05,07:20:00,65402,65337,65441,113264.6002,13.785523194020044,42.15334000000003
2025-10-05,07:30:00,65419,65337,65373,113235.1459,13.46443915828006,41.171530000000104
2025-10-05,07:40:00,65424,65321,65388,113237.4645,13.48971443032069,41.24881666666673
2025-10-05,07:50:00,65428,65352,65399,113264.01,13.779089369488629,42.13366666666649
2025-10-05,08:00:00,65430,65333,65428,113270.9538,13.854784372505982,42.36512666666676
2025-10-05,08:10:00,65413,65335,65417,113255.9344,13.691056510482612,41.86447999999994
2025-10-05,08:20:00,65413,65322,65462,113274.4353,13.892736524498295,42.481176666666585
2025-10-05,08:30:00,65408,65325,65388,113230.5287,13.414106636039799,41.01762333333318
2025-10-05,08:40:00,65412,65353,65371,113239.1805,13.508420704288499,41.30601666666674
2025-10-05,08:50:00,65420,65353,65431,113278.448,13.936479336590791,42.61493333333347
2025-10-05,09:00:00,65424,65334,65431,113269.7978,13.842182710089416,42.32659333333334
2025-10-05,09:10:00,65412,65331,65395,113240.3432,13.52109540402182,41.344773333333436
2025-10-05,09:20:00,65431,65351,65455,113297.5109,14.144285764341749,43.250363333333134
2025-10-05,09:30:00,65412,65350,65441,113277.8739,13.93022101964156,42.595796666666864
2025-10-05,09:40:00,65419,65337,65456,113283.0838,13.987014619143084,42.76945999999977
2025-10-05,09:50:00,65427,65325,65395,113245.5473,13.577825777189588,41.51824333333352
2025-10-05,10:00:00,65428,65321,65423,113259.9892,13.735258258550568,41.99963999999988
2025-10-05,10:10:00,65422,65338,65394,113249.5809,13.621796422105929,41.65269666666669
2025-10-05,10:20:00,65418,65324,65446,113269.2307,13.836000700784552,42.30769
2025-10-05,10:30:00,65401,65329,65452,113265.7642,13.798212065173075,42.192140000000165
2025-10-05,10:40:00,65401,65330,65413,113243.809,13.558876408868812,41.4602999999998
2025-10-05,10:50:00,65428,65350,65419,113274.4068,13.892425843374697,42.48022666666657
2025-10-05,11:00:00,65414,65328,65450,113271.5387,13.861160421249457,42.38462333333349
2025-10-05,11:10:00,65418,65328,65462,113280.7828,13.961931206322706,42.69276000000003
2025-10-05,11:20:00,65420,65328,65391,113240.924,13.5274267582878,41.3641333333333
2025-10-05,11:30:00,65429,65326,65443,113275.0042,13.898938155768837,42.50013999999986
2025-10-05,11:40:00,65415,65352,65367,113238.0273,13.495849564929706,41.26757666666671
2025-10-05,11:50:00,65403,65358,65403,113255.3442,13.684622685951355,41.8448066666669
2025-10-05,12:00:00,65416,65356,65466,113298.0889,14.15058659555011,43.26963000000008
2025-10-05,12:10:00,65427,65348,65415,113270.3653,13.84836907983115,42.34551000000016
2025-10-05,12:20:00,65403,65357,65466,113291.1604,14.075058379241199,43.03867999999978
2025-10-05,12:30:00,65417,65356,65479,113306.1784,14.238770979735762,43.53928000000015
2025-10-05,12:40:00,65430,65354,65370,113249.5789,13.621774619921734,41.652629999999775
2025-10-05,12:50:00,65426,65347,65449,113288.8498,14.049870315937033,42.96165999999988
2025-10-05,13:00:00,65413,65326,65464,113277.8978,13.930481555741697,42.59659333333354
2025-10-05,13:10:00,65428,65341,65368,113239.7673,13.514817465106907,41.32557666666689
2025-10-05,13:20:00,65429,65321,65425,113261.7222,13.754149851083401,42.05740666666679
2025-10-05,13:30:00,65426,65340,65465,113294.0568,14.106632302271837,43.13522666666686
2025-10-05,13:40:00,65414,65340,65373,113233.9884,13.451821144225425,41.13294666666673
2025-10-05,13:50:00,65422,65358,65368,113246.1111,13.583971812890544,41.53703666666649
2025-10-05,14:00:00,65400,65332,65448,113264.6058,13.7855842401356,42.15352666666683
2025-10-05,14:10:00,65425,65340,65416,113265.1724,13.791760798894334,42.17241333333319
2025-10-05,14:20:00,65417,65356,65408,113265.1627,13.791655058301448,42.172090000000026
2025-10-05,14:30:00,65431,65355,65444,113293.4637,14.100166864573385,43.11545666666643
2025-10-05,14:40:00,65402,65330,65426,113251.8961,13.647034630433554,41.729869999999934
2025-10-05,14:50:00,65420,65345,65431,113273.8328,13.886168616534725,42.46109333333346
2025-10-05,15:00:00,65401,65337,65467,113279.0469,13.943008000622996,42.634896666666705
2025-10-05,15:10:00,65402,65348,65415,113255.9267,13.690972572073761,41.864223333333214
2025-10-05,15:20:00,65428,65357,65405,113270.3609,13.848321115026048,42.345363333333324
2025-10-05,15:30:00,65420,65332,65476,113292.3351,14.087863892079215,43.07783666666655
2025-10-05,15:40:00,65408,65336,65372,113227.6368,13.382581767923522,40.921226666666435
2025-10-05,15:50:00,65408,65320,65365,113214.3634,13.237887212629776,40.478780000000064
2025-10-05,16:00:00,65427,65348,65460,113296.3593,14.131732066730281,43.211976666666544
2025-10-05,16:10:00,65409,65359,65384,113248.4155,13.609092289424087,41.61385000000009
2025-10-05,16:20:00,65427,65330,65397,113249.5865,13.621857468221487,41.6528833333335
2025-10-05,16:30:00,65407,65341,65435,113266.3284,13.804362461310903,42.210946666666615
2025-10-05,16:40:00,65416,65334,65380,113235.7232,13.470732358723781,41.190773333333105
2025-10-05,16:50:00,65427,65342,65451,113287.6988,14.037323158980794,42.92329333333328
2025-10-05,17:00:00,65412,65338,65432,113265.7522,13.79808125206838,42.19174000000009
2025-10-05,17:10:00,65431,65320,65450,113276.7437,13.917900605400067,42.55812333333355
2025-10-05,17:20:00,65404,65327,65440,113259.4091,13.728934535049069,41.98030333333348
2025-10-05,17:30:00,65407,65342,65406,113250.1543,13.628047108290675,41.67180999999982
2025-10-05,17:40:00,65400,65343,65462,113279.0408,13.94294150396147,42.634693333333416
2025-10-05,17:50:00,65423,65336,65368,113233.9933,13.451874559576495,41.13311000000006
2025-10-05,18:00:00,65419,65340,65467,113291.1702,14.075165209943343,43.03900666666644
2025-10-05,18:10:00,65425,65350,65473,113303.8695,14.213601448288017,43.46231666666669
2025-10-05,18:20:00,65403,65330,65415,113246.1193,13.584061201845525,41.5373100000002
2025-10-05,18:30:00,65414,65338,65370,113231.1024,13.420360592552317,41.03674666666678
2025-10-05,18:40:00,65418,65347,65414,113264.0125,13.779116622218794,42.13374999999991
2025-10-05,18:50:00,65410,65324,65368,113219.5588,13.294522746296598,40.65195999999997
2025-10-05,19:00:00,65429,65351,65371,113247.8471,13.602896108699511,41.5949033333333
2025-10-05,19:10:00,65431,65329,65401,113253.6304,13.66594039438594,41.78767999999982
2025-10-05,19:20:00,65414,65351,65475,113299.2508,14.163252574409691,43.308359999999816
2025-10-05,19:30:00,65427,65336,65458,113288.2827,14.04368830663217,42.94275666666654
2025-10-05,19:40:00,65407,65359,65388,113249.5699,13.62167651009333,41.65233000000008
2025-10-05,19:50:00,65408,65321,65442,113259.414,13.728987950400139,41.98046666666681
2025-10-05,20:00:00,65417,65322,65412,113247.8579,13.603013840493755,41.59526333333342
2025-10-05,20:10:00,65403,65323,65441,113257.1023,13.703787895894619,41.90340999999996
2025-10-05,20:20:00,65408,65344,65425,113262.8599,13.766552023515231,42.09532999999986
2025-10-05,20:30:00,65430,65329,65384,113243.2364,13.55263444355765,41.441213333333145
2025-10-05,20:40:00,65403,65331,65454,113269.2283,13.835974538163645,42.30761000000008
2025-10-05,20:50:00,65407,65321,65376,113220.7139,13.307114597730324,40.69046333333341
2025-10-05,21:00:00,65420,65351,65458,113292.8919,14.093933620135966,43.09639666666675
2025-10-05,21:10:00,65415,65351,65395,113253.6156,13.665779058223624,41.78718666666682
2025-10-05,21:20:00,65427,65353,65374,113249.5775,13.621759358392925,41.65258333333332
2025-10-05,21:30:00,65409,65334,65380,113231.6795,13.42665161277768,41.05598333333328
2025-10-05,21:40:00,65407,65337,65418,113254.2005,13.672155106967098,41.806683333333545
2025-10-05,21:50:00,65408,65344,65467,113287.1259,14.031077923342018,42.904196666666635
2025-10-05,22:00:00,65426,65333,65452,113282.5082,13.980739950555787,42.75027333333322
2025-10-05,22:10:00,65417,65341,65479,113297.5269,14.144460181814676,43.25089666666657
2025-10-05,22:20:00,65429,65339,65448,113285.3903,14.01215798796992,42.8463433333333
2025-10-05,22:30:00,65411,65351,65414,113262.2776,13.760204317611182,42.075920000000046
2025-10-05,22:40:00,65413,65340,65462,113284.8163,14.005900761129947,42.82721000000019
2025-10-05,22:50:00,65425,65351,65457,113295.2015,14.119110782348033,43.173383333333184
2025-10-05,23:00:00,65422,65358,65476,113308.4852,14.263917618890053,43.61617333333319
2025-10-05,23:10:00,65411,65337,65384,113236.8754,13.48329259699063,41.22918000000015
2025-10-05,23:20:00,65412,65340,65371,113231.6784,13.426639621576484,41.05594666666681
2025-10-05,23:30:00,65413,65359,65473,113302.1323,14.194664071168594,43.40440999999991
2025-10-05,23:40:00,65406,65342,65471,113287.1292,14.031113896945767,42.90430666666653
2025-10-05,23:50:00,65431,65330,65449,113281.9326,13.974465281968492,42.73108666666667
